Date,Source,Country,New_Readers,Return_Readers,Subscribers,Buyers
1/1/18,AdWords,country_1,11,0,1,0
1/1/18,AdWords,country_2,111,13,9,1
1/1/18,AdWords,country_3,12,3,2,0
1/1/18,AdWords,country_4,25,19,9,4
1/1/18,AdWords,country_5,118,39,15,6
1/1/18,AdWords,country_6,63,2,4,1
1/1/18,AdWords,country_7,113,9,2,0
1/1/18,AdWords,country_8,47,0,5,1
1/1/18,Reddit,country_1,17,0,0,0
1/1/18,Reddit,country_2,263,79,41,8
1/1/18,Reddit,country_3,19,5,2,0
1/1/18,Reddit,country_4,40,34,19,5
1/1/18,Reddit,country_5,208,97,42,13
1/1/18,Reddit,country_6,134,21,14,3
1/1/18,Reddit,country_7,201,49,20,4
1/1/18,Reddit,country_8,67,0,5,0
1/1/18,SEO,country_1,8,2,1,0
1/1/18,SEO,country_2,88,48,20,14
1/1/18,SEO,country_3,5,5,3,1
1/1/18,SEO,country_4,16,16,9,4
1/1/18,SEO,country_5,83,69,31,11
1/1/18,SEO,country_6,48,22,7,2
1/1/18,SEO,country_7,59,27,12,2
1/1/18,SEO,country_8,39,9,8,4
1/2/18,AdWords,country_1,12,0,0,0
1/2/18,AdWords,country_2,138,15,9,4
1/2/18,AdWords,country_3,10,3,1,0
1/2/18,AdWords,country_4,26,22,10,4
1/2/18,AdWords,country_5,106,44,7,1
1/2/18,AdWords,country_6,80,3,5,0
1/2/18,AdWords,country_7,137,12,11,1
1/2/18,AdWords,country_8,30,0,3,0
1/2/18,Reddit,country_1,21,0,1,0
1/2/18,Reddit,country_2,195,51,22,8
1/2/18,Reddit,country_3,22,10,2,0
1/2/18,Reddit,country_4,39,26,10,2
1/2/18,Reddit,country_5,207,98,33,9
1/2/18,Reddit,country_6,121,18,8,2
1/2/18,Reddit,country_7,240,58,23,6
1/2/18,Reddit,country_8,61,0,3,0
1/2/18,SEO,country_1,7,2,3,2
1/2/18,SEO,country_2,87,48,15,9
1/2/18,SEO,country_3,6,5,3,1
1/2/18,SEO,country_4,22,21,11,7
1/2/18,SEO,country_5,84,69,25,9
1/2/18,SEO,country_6,56,30,10,2
1/2/18,SEO,country_7,86,48,21,9
1/2/18,SEO,country_8,19,6,0,0
1/3/18,AdWords,country_1,19,0,0,0
1/3/18,AdWords,country_2,136,12,1,0
1/3/18,AdWords,country_3,10,2,0,0
1/3/18,AdWords,country_4,28,16,3,1
1/3/18,AdWords,country_5,95,24,2,2
1/3/18,AdWords,country_6,87,3,1,1
1/3/18,AdWords,country_7,127,15,1,1
1/3/18,AdWords,country_8,45,0,2,0
1/3/18,Reddit,country_1,24,0,2,0
1/3/18,Reddit,country_2,216,58,15,6
1/3/18,Reddit,country_3,27,13,6,3
1/3/18,Reddit,country_4,39,27,17,4
1/3/18,Reddit,country_5,153,69,14,4
1/3/18,Reddit,country_6,115,20,9,3
1/3/18,Reddit,country_7,256,77,13,9
1/3/18,Reddit,country_8,80,0,3,0
1/3/18,SEO,country_1,10,0,0,0
1/3/18,SEO,country_2,93,47,20,4
1/3/18,SEO,country_3,8,5,1,1
1/3/18,SEO,country_4,20,20,13,2
1/3/18,SEO,country_5,64,50,21,4
1/3/18,SEO,country_6,54,18,10,2
1/3/18,SEO,country_7,80,41,15,7
1/3/18,SEO,country_8,30,4,1,0
1/4/18,AdWords,country_1,14,0,0,0
1/4/18,AdWords,country_2,137,13,1,2
1/4/18,AdWords,country_3,17,3,0,0
1/4/18,AdWords,country_4,30,21,9,4
1/4/18,AdWords,country_5,105,44,8,4
1/4/18,AdWords,country_6,75,4,0,0
1/4/18,AdWords,country_7,127,19,2,2
1/4/18,AdWords,country_8,43,0,0,0
1/4/18,Reddit,country_1,27,0,0,0
1/4/18,Reddit,country_2,222,71,8,8
1/4/18,Reddit,country_3,26,9,3,0
1/4/18,Reddit,country_4,53,46,19,7
1/4/18,Reddit,country_5,176,78,22,16
1/4/18,Reddit,country_6,116,16,1,1
1/4/18,Reddit,country_7,219,59,9,7
1/4/18,Reddit,country_8,89,0,0,0
1/4/18,SEO,country_1,8,2,1,0
1/4/18,SEO,country_2,91,50,13,6
1/4/18,SEO,country_3,6,5,1,0
1/4/18,SEO,country_4,15,15,13,6
1/4/18,SEO,country_5,71,58,18,9
1/4/18,SEO,country_6,52,28,4,3
1/4/18,SEO,country_7,89,43,9,6
1/4/18,SEO,country_8,41,16,3,2
1/5/18,AdWords,country_1,17,0,0,0
1/5/18,AdWords,country_2,151,12,0,1
1/5/18,AdWords,country_3,11,1,0,0
1/5/18,AdWords,country_4,26,21,8,3
1/5/18,AdWords,country_5,104,37,5,5
1/5/18,AdWords,country_6,97,3,0,0
1/5/18,AdWords,country_7,114,14,0,1
1/5/18,AdWords,country_8,34,0,0,0
1/5/18,Reddit,country_1,23,0,0,0
1/5/18,Reddit,country_2,255,75,14,15
1/5/18,Reddit,country_3,26,7,1,0
1/5/18,Reddit,country_4,46,33,17,10
1/5/18,Reddit,country_5,175,77,11,9
1/5/18,Reddit,country_6,164,36,7,6
1/5/18,Reddit,country_7,204,70,8,6
1/5/18,Reddit,country_8,72,0,0,0
1/5/18,SEO,country_1,6,1,0,0
1/5/18,SEO,country_2,100,57,13,6
1/5/18,SEO,country_3,8,5,1,0
1/5/18,SEO,country_4,16,16,7,1
1/5/18,SEO,country_5,63,46,14,9
1/5/18,SEO,country_6,61,23,5,4
1/5/18,SEO,country_7,91,52,12,5
1/5/18,SEO,country_8,12,1,0,0
1/6/18,AdWords,country_1,18,0,0,0
1/6/18,AdWords,country_2,156,22,2,3
1/6/18,AdWords,country_3,9,2,0,0
1/6/18,AdWords,country_4,26,22,8,3
1/6/18,AdWords,country_5,96,35,7,4
1/6/18,AdWords,country_6,78,2,0,0
1/6/18,AdWords,country_7,140,9,1,1
1/6/18,AdWords,country_8,39,0,0,0
1/6/18,Reddit,country_1,19,0,0,0
1/6/18,Reddit,country_2,237,58,13,10
1/6/18,Reddit,country_3,25,5,1,0
1/6/18,Reddit,country_4,47,39,11,4
1/6/18,Reddit,country_5,163,62,19,8
1/6/18,Reddit,country_6,150,29,3,1
1/6/18,Reddit,country_7,229,68,12,8
1/6/18,Reddit,country_8,71,0,0,0
1/6/18,SEO,country_1,6,2,0,0
1/6/18,SEO,country_2,110,51,18,14
1/6/18,SEO,country_3,4,1,1,1
1/6/18,SEO,country_4,18,18,9,3
1/6/18,SEO,country_5,68,56,18,7
1/6/18,SEO,country_6,62,28,10,3
1/6/18,SEO,country_7,109,62,16,6
1/6/18,SEO,country_8,33,2,0,0
1/7/18,AdWords,country_1,20,0,0,0
1/7/18,AdWords,country_2,162,14,3,2
1/7/18,AdWords,country_3,16,1,0,0
1/7/18,AdWords,country_4,25,17,4,1
1/7/18,AdWords,country_5,111,40,6,5
1/7/18,AdWords,country_6,74,4,0,0
1/7/18,AdWords,country_7,122,17,3,2
1/7/18,AdWords,country_8,37,0,0,0
1/7/18,Reddit,country_1,14,0,0,0
1/7/18,Reddit,country_2,262,77,10,10
1/7/18,Reddit,country_3,16,6,0,0
1/7/18,Reddit,country_4,57,46,15,6
1/7/18,Reddit,country_5,176,81,24,7
1/7/18,Reddit,country_6,153,23,5,6
1/7/18,Reddit,country_7,232,57,5,5
1/7/18,Reddit,country_8,67,0,0,0
1/7/18,SEO,country_1,11,4,1,1
1/7/18,SEO,country_2,100,58,13,7
1/7/18,SEO,country_3,6,5,2,0
1/7/18,SEO,country_4,12,11,2,2
1/7/18,SEO,country_5,77,59,17,7
1/7/18,SEO,country_6,52,22,4,3
1/7/18,SEO,country_7,81,44,15,4
1/7/18,SEO,country_8,22,3,0,0
1/8/18,AdWords,country_1,11,0,0,0
1/8/18,AdWords,country_2,136,20,2,2
1/8/18,AdWords,country_3,16,4,0,0
1/8/18,AdWords,country_4,21,14,3,3
1/8/18,AdWords,country_5,127,37,4,4
1/8/18,AdWords,country_6,72,3,0,0
1/8/18,AdWords,country_7,149,14,0,0
1/8/18,AdWords,country_8,53,0,0,0
1/8/18,Reddit,country_1,24,0,0,0
1/8/18,Reddit,country_2,224,57,8,5
1/8/18,Reddit,country_3,22,8,2,2
1/8/18,Reddit,country_4,45,36,12,5
1/8/18,Reddit,country_5,203,105,31,19
1/8/18,Reddit,country_6,126,22,6,6
1/8/18,Reddit,country_7,202,56,9,6
1/8/18,Reddit,country_8,73,0,0,0
1/8/18,SEO,country_1,7,1,0,0
1/8/18,SEO,country_2,101,63,17,9
1/8/18,SEO,country_3,10,8,3,3
1/8/18,SEO,country_4,15,15,7,1
1/8/18,SEO,country_5,84,70,21,6
1/8/18,SEO,country_6,50,20,4,2
1/8/18,SEO,country_7,95,52,7,5
1/8/18,SEO,country_8,25,6,0,0
1/9/18,AdWords,country_1,12,0,0,0
1/9/18,AdWords,country_2,129,21,1,2
1/9/18,AdWords,country_3,10,4,1,0
1/9/18,AdWords,country_4,29,19,5,1
1/9/18,AdWords,country_5,129,31,3,3
1/9/18,AdWords,country_6,83,4,0,0
1/9/18,AdWords,country_7,132,10,0,2
1/9/18,AdWords,country_8,37,0,0,0
1/9/18,Reddit,country_1,25,0,0,0
1/9/18,Reddit,country_2,225,63,12,8
1/9/18,Reddit,country_3,15,11,0,0
1/9/18,Reddit,country_4,46,36,10,4
1/9/18,Reddit,country_5,207,97,23,9
1/9/18,Reddit,country_6,126,25,2,2
1/9/18,Reddit,country_7,233,59,10,8
1/9/18,Reddit,country_8,71,0,0,0
1/9/18,SEO,country_1,5,0,0,0
1/9/18,SEO,country_2,93,52,15,10
1/9/18,SEO,country_3,10,7,2,0
1/9/18,SEO,country_4,13,13,5,3
1/9/18,SEO,country_5,82,67,23,8
1/9/18,SEO,country_6,46,17,3,2
1/9/18,SEO,country_7,109,66,13,7
1/9/18,SEO,country_8,18,3,1,0
1/10/18,AdWords,country_1,13,0,0,0
1/10/18,AdWords,country_2,116,15,1,1
1/10/18,AdWords,country_3,11,1,0,0
1/10/18,AdWords,country_4,31,20,9,3
1/10/18,AdWords,country_5,124,41,6,4
1/10/18,AdWords,country_6,76,1,0,0
1/10/18,AdWords,country_7,187,20,3,4
1/10/18,AdWords,country_8,54,0,0,0
1/10/18,Reddit,country_1,22,0,0,0
1/10/18,Reddit,country_2,215,61,5,5
1/10/18,Reddit,country_3,19,5,0,0
1/10/18,Reddit,country_4,50,37,13,2
1/10/18,Reddit,country_5,193,95,22,14
1/10/18,Reddit,country_6,127,19,2,3
1/10/18,Reddit,country_7,265,83,7,6
1/10/18,Reddit,country_8,66,0,0,0
1/10/18,SEO,country_1,12,3,0,0
1/10/18,SEO,country_2,73,42,11,6
1/10/18,SEO,country_3,7,5,0,0
1/10/18,SEO,country_4,11,11,6,2
1/10/18,SEO,country_5,62,45,16,10
1/10/18,SEO,country_6,42,20,2,2
1/10/18,SEO,country_7,96,55,13,7
1/10/18,SEO,country_8,29,6,1,1
1/11/18,AdWords,country_1,12,0,0,0
1/11/18,AdWords,country_2,140,15,1,1
1/11/18,AdWords,country_3,17,2,0,0
1/11/18,AdWords,country_4,24,22,7,2
1/11/18,AdWords,country_5,100,28,6,5
1/11/18,AdWords,country_6,95,5,0,0
1/11/18,AdWords,country_7,136,13,2,3
1/11/18,AdWords,country_8,42,0,0,0
1/11/18,Reddit,country_1,27,0,0,0
1/11/18,Reddit,country_2,241,71,6,6
1/11/18,Reddit,country_3,19,5,0,0
1/11/18,Reddit,country_4,50,35,9,5
1/11/18,Reddit,country_5,142,72,15,10
1/11/18,Reddit,country_6,152,22,2,2
1/11/18,Reddit,country_7,276,82,10,6
1/11/18,Reddit,country_8,82,0,0,0
1/11/18,SEO,country_1,13,1,1,1
1/11/18,SEO,country_2,101,52,13,7
1/11/18,SEO,country_3,6,4,1,1
1/11/18,SEO,country_4,16,16,4,1
1/11/18,SEO,country_5,52,37,11,6
1/11/18,SEO,country_6,53,20,2,4
1/11/18,SEO,country_7,101,61,17,12
1/11/18,SEO,country_8,28,8,4,3
1/12/18,AdWords,country_1,20,0,0,0
1/12/18,AdWords,country_2,167,21,1,1
1/12/18,AdWords,country_3,13,1,0,0
1/12/18,AdWords,country_4,28,19,3,1
1/12/18,AdWords,country_5,113,31,6,5
1/12/18,AdWords,country_6,84,3,0,0
1/12/18,AdWords,country_7,122,12,2,2
1/12/18,AdWords,country_8,39,0,0,0
1/12/18,Reddit,country_1,17,0,0,0
1/12/18,Reddit,country_2,257,71,10,9
1/12/18,Reddit,country_3,21,5,2,0
1/12/18,Reddit,country_4,62,40,17,6
1/12/18,Reddit,country_5,188,80,19,12
1/12/18,Reddit,country_6,127,22,4,3
1/12/18,Reddit,country_7,227,58,7,4
1/12/18,Reddit,country_8,68,0,0,0
1/12/18,SEO,country_1,7,0,0,0
1/12/18,SEO,country_2,113,70,22,15
1/12/18,SEO,country_3,4,4,2,1
1/12/18,SEO,country_4,22,22,8,4
1/12/18,SEO,country_5,76,62,19,10
1/12/18,SEO,country_6,49,21,6,5
1/12/18,SEO,country_7,85,39,5,3
1/12/18,SEO,country_8,24,3,1,0
1/13/18,AdWords,country_1,12,0,0,0
1/13/18,AdWords,country_2,143,11,1,2
1/13/18,AdWords,country_3,9,4,1,0
1/13/18,AdWords,country_4,27,22,9,6
1/13/18,AdWords,country_5,105,40,3,2
1/13/18,AdWords,country_6,67,1,0,0
1/13/18,AdWords,country_7,192,22,0,0
1/13/18,AdWords,country_8,33,0,0,0
1/13/18,Reddit,country_1,25,0,0,0
1/13/18,Reddit,country_2,213,63,7,5
1/13/18,Reddit,country_3,23,7,1,0
1/13/18,Reddit,country_4,45,35,8,3
1/13/18,Reddit,country_5,180,91,22,14
1/13/18,Reddit,country_6,145,20,4,3
1/13/18,Reddit,country_7,288,82,9,8
1/13/18,Reddit,country_8,82,0,0,0
1/13/18,SEO,country_1,6,2,1,0
1/13/18,SEO,country_2,94,55,7,2
1/13/18,SEO,country_3,17,14,2,0
1/13/18,SEO,country_4,12,11,3,2
1/13/18,SEO,country_5,59,46,10,6
1/13/18,SEO,country_6,58,28,6,3
1/13/18,SEO,country_7,98,64,11,7
1/13/18,SEO,country_8,37,11,2,2
1/14/18,AdWords,country_1,12,0,0,0
1/14/18,AdWords,country_2,113,13,4,4
1/14/18,AdWords,country_3,7,1,0,0
1/14/18,AdWords,country_4,29,19,5,4
1/14/18,AdWords,country_5,130,33,4,1
1/14/18,AdWords,country_6,85,2,1,1
1/14/18,AdWords,country_7,140,12,1,1
1/14/18,AdWords,country_8,50,0,0,0
1/14/18,Reddit,country_1,22,0,0,0
1/14/18,Reddit,country_2,204,53,6,5
1/14/18,Reddit,country_3,19,5,0,0
1/14/18,Reddit,country_4,46,31,9,3
1/14/18,Reddit,country_5,204,88,18,13
1/14/18,Reddit,country_6,166,34,5,6
1/14/18,Reddit,country_7,233,52,5,5
1/14/18,Reddit,country_8,78,0,0,0
1/14/18,SEO,country_1,7,2,0,0
1/14/18,SEO,country_2,76,54,9,4
1/14/18,SEO,country_3,13,8,3,0
1/14/18,SEO,country_4,25,24,9,1
1/14/18,SEO,country_5,90,68,15,6
1/14/18,SEO,country_6,64,34,6,2
1/14/18,SEO,country_7,100,52,10,8
1/14/18,SEO,country_8,41,14,1,1
1/15/18,AdWords,country_1,21,0,0,0
1/15/18,AdWords,country_2,127,9,1,1
1/15/18,AdWords,country_3,19,5,0,0
1/15/18,AdWords,country_4,48,38,11,7
1/15/18,AdWords,country_5,119,43,4,4
1/15/18,AdWords,country_6,77,3,0,0
1/15/18,AdWords,country_7,135,15,3,2
1/15/18,AdWords,country_8,52,0,0,0
1/15/18,Reddit,country_1,30,0,0,0
1/15/18,Reddit,country_2,227,56,11,8
1/15/18,Reddit,country_3,15,4,1,0
1/15/18,Reddit,country_4,59,49,11,6
1/15/18,Reddit,country_5,200,87,15,11
1/15/18,Reddit,country_6,148,23,3,1
1/15/18,Reddit,country_7,244,74,4,3
1/15/18,Reddit,country_8,74,0,0,0
1/15/18,SEO,country_1,8,3,0,0
1/15/18,SEO,country_2,79,59,15,10
1/15/18,SEO,country_3,10,7,1,1
1/15/18,SEO,country_4,29,27,7,2
1/15/18,SEO,country_5,80,65,11,8
1/15/18,SEO,country_6,58,27,3,2
1/15/18,SEO,country_7,71,45,9,7
1/15/18,SEO,country_8,31,3,0,0
1/16/18,AdWords,country_1,15,0,0,0
1/16/18,AdWords,country_2,170,14,1,0
1/16/18,AdWords,country_3,13,5,0,0
1/16/18,AdWords,country_4,30,25,7,4
1/16/18,AdWords,country_5,139,42,6,6
1/16/18,AdWords,country_6,81,4,0,0
1/16/18,AdWords,country_7,132,6,0,0
1/16/18,AdWords,country_8,39,0,0,0
1/16/18,Reddit,country_1,26,0,0,0
1/16/18,Reddit,country_2,257,63,3,3
1/16/18,Reddit,country_3,13,6,0,1
1/16/18,Reddit,country_4,56,38,13,8
1/16/18,Reddit,country_5,213,91,7,9
1/16/18,Reddit,country_6,138,24,0,1
1/16/18,Reddit,country_7,199,49,7,6
1/16/18,Reddit,country_8,87,0,0,0
1/16/18,SEO,country_1,7,0,0,0
1/16/18,SEO,country_2,93,57,8,5
1/16/18,SEO,country_3,10,8,1,1
1/16/18,SEO,country_4,21,21,5,4
1/16/18,SEO,country_5,76,63,14,6
1/16/18,SEO,country_6,52,18,2,1
1/16/18,SEO,country_7,94,52,9,7
1/16/18,SEO,country_8,33,11,1,1
1/17/18,AdWords,country_1,14,0,0,0
1/17/18,AdWords,country_2,182,18,1,1
1/17/18,AdWords,country_3,17,3,1,0
1/17/18,AdWords,country_4,38,25,6,2
1/17/18,AdWords,country_5,117,31,6,6
1/17/18,AdWords,country_6,92,2,0,0
1/17/18,AdWords,country_7,155,18,3,3
1/17/18,AdWords,country_8,37,0,0,0
1/17/18,Reddit,country_1,21,0,0,0
1/17/18,Reddit,country_2,251,74,9,7
1/17/18,Reddit,country_3,13,4,1,1
1/17/18,Reddit,country_4,62,49,15,8
1/17/18,Reddit,country_5,192,91,19,12
1/17/18,Reddit,country_6,162,35,3,4
1/17/18,Reddit,country_7,194,69,5,3
1/17/18,Reddit,country_8,82,0,0,0
1/17/18,SEO,country_1,3,1,0,0
1/17/18,SEO,country_2,96,54,12,9
1/17/18,SEO,country_3,2,2,1,1
1/17/18,SEO,country_4,14,14,2,1
1/17/18,SEO,country_5,69,53,17,9
1/17/18,SEO,country_6,63,27,7,4
1/17/18,SEO,country_7,101,61,11,8
1/17/18,SEO,country_8,32,6,1,1
1/18/18,AdWords,country_1,15,0,0,0
1/18/18,AdWords,country_2,135,6,1,1
1/18/18,AdWords,country_3,14,3,0,0
1/18/18,AdWords,country_4,42,33,5,4
1/18/18,AdWords,country_5,108,28,5,1
1/18/18,AdWords,country_6,96,3,0,0
1/18/18,AdWords,country_7,161,15,2,2
1/18/18,AdWords,country_8,47,0,0,0
1/18/18,Reddit,country_1,20,0,0,0
1/18/18,Reddit,country_2,252,64,7,8
1/18/18,Reddit,country_3,22,7,1,1
1/18/18,Reddit,country_4,54,41,15,7
1/18/18,Reddit,country_5,159,60,13,8
1/18/18,Reddit,country_6,157,37,5,6
1/18/18,Reddit,country_7,270,81,9,9
1/18/18,Reddit,country_8,93,0,0,0
1/18/18,SEO,country_1,9,0,0,0
1/18/18,SEO,country_2,110,61,12,10
1/18/18,SEO,country_3,10,6,1,1
1/18/18,SEO,country_4,10,10,6,4
1/18/18,SEO,country_5,68,58,10,2
1/18/18,SEO,country_6,66,30,6,4
1/18/18,SEO,country_7,96,52,13,10
1/18/18,SEO,country_8,32,4,1,1
1/19/18,AdWords,country_1,15,0,0,0
1/19/18,AdWords,country_2,123,10,2,2
1/19/18,AdWords,country_3,17,3,0,0
1/19/18,AdWords,country_4,30,23,1,1
1/19/18,AdWords,country_5,117,45,6,5
1/19/18,AdWords,country_6,99,5,0,0
1/19/18,AdWords,country_7,168,19,0,0
1/19/18,AdWords,country_8,34,0,0,0
1/19/18,Reddit,country_1,25,0,0,0
1/19/18,Reddit,country_2,225,66,6,2
1/19/18,Reddit,country_3,21,8,5,4
1/19/18,Reddit,country_4,66,50,13,9
1/19/18,Reddit,country_5,196,102,26,13
1/19/18,Reddit,country_6,142,22,1,2
1/19/18,Reddit,country_7,273,73,11,7
1/19/18,Reddit,country_8,51,0,0,0
1/19/18,SEO,country_1,11,1,0,0
1/19/18,SEO,country_2,103,57,10,5
1/19/18,SEO,country_3,10,6,0,0
1/19/18,SEO,country_4,30,30,7,4
1/19/18,SEO,country_5,79,63,11,7
1/19/18,SEO,country_6,62,36,3,2
1/19/18,SEO,country_7,112,55,9,5
1/19/18,SEO,country_8,33,10,1,1
1/20/18,AdWords,country_1,15,0,0,0
1/20/18,AdWords,country_2,162,13,1,1
1/20/18,AdWords,country_3,8,2,0,0
1/20/18,AdWords,country_4,42,31,4,1
1/20/18,AdWords,country_5,90,37,6,5
1/20/18,AdWords,country_6,99,3,0,0
1/20/18,AdWords,country_7,158,13,1,2
1/20/18,AdWords,country_8,41,0,0,0
1/20/18,Reddit,country_1,27,0,0,0
1/20/18,Reddit,country_2,275,89,9,7
1/20/18,Reddit,country_3,21,8,2,1
1/20/18,Reddit,country_4,61,53,9,5
1/20/18,Reddit,country_5,189,87,12,7
1/20/18,Reddit,country_6,131,22,1,1
1/20/18,Reddit,country_7,247,67,9,8
1/20/18,Reddit,country_8,93,0,0,0
1/20/18,SEO,country_1,8,1,1,0
1/20/18,SEO,country_2,109,55,9,6
1/20/18,SEO,country_3,11,8,0,0
1/20/18,SEO,country_4,24,24,3,1
1/20/18,SEO,country_5,64,49,15,11
1/20/18,SEO,country_6,47,20,3,2
1/20/18,SEO,country_7,97,58,7,3
1/20/18,SEO,country_8,31,8,1,1
1/21/18,AdWords,country_1,16,0,0,0
1/21/18,AdWords,country_2,172,14,1,2
1/21/18,AdWords,country_3,15,2,0,0
1/21/18,AdWords,country_4,45,36,7,4
1/21/18,AdWords,country_5,101,29,8,4
1/21/18,AdWords,country_6,87,1,0,0
1/21/18,AdWords,country_7,158,14,0,0
1/21/18,AdWords,country_8,38,0,0,0
1/21/18,Reddit,country_1,23,0,0,0
1/21/18,Reddit,country_2,254,64,3,2
1/21/18,Reddit,country_3,16,5,1,1
1/21/18,Reddit,country_4,65,48,12,4
1/21/18,Reddit,country_5,183,75,12,4
1/21/18,Reddit,country_6,167,29,5,4
1/21/18,Reddit,country_7,255,62,7,6
1/21/18,Reddit,country_8,61,0,0,0
1/21/18,SEO,country_1,5,0,0,0
1/21/18,SEO,country_2,117,77,15,10
1/21/18,SEO,country_3,13,9,1,1
1/21/18,SEO,country_4,22,22,8,5
1/21/18,SEO,country_5,67,47,16,7
1/21/18,SEO,country_6,53,23,4,3
1/21/18,SEO,country_7,104,71,17,8
1/21/18,SEO,country_8,29,8,1,1
1/22/18,AdWords,country_1,14,0,0,0
1/22/18,AdWords,country_2,149,7,1,1
1/22/18,AdWords,country_3,10,1,0,0
1/22/18,AdWords,country_4,46,34,6,1
1/22/18,AdWords,country_5,121,41,8,7
1/22/18,AdWords,country_6,107,7,1,2
1/22/18,AdWords,country_7,138,13,1,1
1/22/18,AdWords,country_8,55,0,0,0
1/22/18,Reddit,country_1,31,0,0,0
1/22/18,Reddit,country_2,251,66,10,6
1/22/18,Reddit,country_3,29,11,5,3
1/22/18,Reddit,country_4,57,44,8,2
1/22/18,Reddit,country_5,214,96,18,10
1/22/18,Reddit,country_6,137,28,3,3
1/22/18,Reddit,country_7,222,52,8,8
1/22/18,Reddit,country_8,85,0,0,0
1/22/18,SEO,country_1,16,2,1,1
1/22/18,SEO,country_2,98,50,8,3
1/22/18,SEO,country_3,7,5,0,0
1/22/18,SEO,country_4,22,21,5,3
1/22/18,SEO,country_5,72,56,12,8
1/22/18,SEO,country_6,61,35,4,2
1/22/18,SEO,country_7,84,51,7,3
1/22/18,SEO,country_8,50,10,2,1
1/23/18,AdWords,country_1,12,0,0,0
1/23/18,AdWords,country_2,126,14,0,0
1/23/18,AdWords,country_3,10,2,0,1
1/23/18,AdWords,country_4,31,25,8,4
1/23/18,AdWords,country_5,119,42,6,6
1/23/18,AdWords,country_6,99,2,0,0
1/23/18,AdWords,country_7,168,21,5,5
1/23/18,AdWords,country_8,47,0,0,0
1/23/18,Reddit,country_1,18,0,0,0
1/23/18,Reddit,country_2,231,64,7,6
1/23/18,Reddit,country_3,27,10,2,2
1/23/18,Reddit,country_4,58,47,11,5
1/23/18,Reddit,country_5,227,96,16,10
1/23/18,Reddit,country_6,172,26,1,0
1/23/18,Reddit,country_7,241,65,9,8
1/23/18,Reddit,country_8,88,0,0,0
1/23/18,SEO,country_1,9,1,0,0
1/23/18,SEO,country_2,87,44,8,4
1/23/18,SEO,country_3,10,8,0,0
1/23/18,SEO,country_4,24,23,6,1
1/23/18,SEO,country_5,112,92,19,8
1/23/18,SEO,country_6,61,30,3,2
1/23/18,SEO,country_7,92,51,10,7
1/23/18,SEO,country_8,28,3,0,0
1/24/18,AdWords,country_1,13,0,0,0
1/24/18,AdWords,country_2,173,24,3,0
1/24/18,AdWords,country_3,15,3,0,1
1/24/18,AdWords,country_4,30,20,4,2
1/24/18,AdWords,country_5,94,26,1,1
1/24/18,AdWords,country_6,97,8,1,1
1/24/18,AdWords,country_7,173,14,1,1
1/24/18,AdWords,country_8,35,0,0,0
1/24/18,Reddit,country_1,23,0,0,0
1/24/18,Reddit,country_2,292,87,10,11
1/24/18,Reddit,country_3,14,5,1,1
1/24/18,Reddit,country_4,50,39,7,3
1/24/18,Reddit,country_5,154,81,14,8
1/24/18,Reddit,country_6,135,25,0,0
1/24/18,Reddit,country_7,302,73,8,7
1/24/18,Reddit,country_8,76,0,0,0
1/24/18,SEO,country_1,10,2,0,0
1/24/18,SEO,country_2,104,57,9,3
1/24/18,SEO,country_3,6,5,2,1
1/24/18,SEO,country_4,21,21,4,1
1/24/18,SEO,country_5,68,55,14,11
1/24/18,SEO,country_6,65,34,4,3
1/24/18,SEO,country_7,109,62,7,3
1/24/18,SEO,country_8,22,4,1,1
1/25/18,AdWords,country_1,20,0,0,0
1/25/18,AdWords,country_2,166,17,2,2
1/25/18,AdWords,country_3,18,3,1,1
1/25/18,AdWords,country_4,33,27,3,1
1/25/18,AdWords,country_5,94,27,6,4
1/25/18,AdWords,country_6,86,6,0,0
1/25/18,AdWords,country_7,135,12,1,1
1/25/18,AdWords,country_8,55,0,0,0
1/25/18,Reddit,country_1,31,0,0,0
1/25/18,Reddit,country_2,247,70,4,5
1/25/18,Reddit,country_3,18,5,1,0
1/25/18,Reddit,country_4,55,41,6,1
1/25/18,Reddit,country_5,184,78,9,5
1/25/18,Reddit,country_6,177,27,2,2
1/25/18,Reddit,country_7,243,53,7,4
1/25/18,Reddit,country_8,72,0,0,0
1/25/18,SEO,country_1,14,5,0,1
1/25/18,SEO,country_2,93,50,9,7
1/25/18,SEO,country_3,9,8,0,0
1/25/18,SEO,country_4,20,20,5,2
1/25/18,SEO,country_5,91,72,16,6
1/25/18,SEO,country_6,77,36,7,5
1/25/18,SEO,country_7,89,50,10,5
1/25/18,SEO,country_8,39,6,0,0
1/26/18,AdWords,country_1,13,0,0,0
1/26/18,AdWords,country_2,169,25,2,3
1/26/18,AdWords,country_3,11,1,0,0
1/26/18,AdWords,country_4,30,22,3,3
1/26/18,AdWords,country_5,112,42,2,2
1/26/18,AdWords,country_6,95,3,0,1
1/26/18,AdWords,country_7,122,12,5,3
1/26/18,AdWords,country_8,43,0,0,0
1/26/18,Reddit,country_1,27,0,0,0
1/26/18,Reddit,country_2,327,85,6,4
1/26/18,Reddit,country_3,30,9,2,2
1/26/18,Reddit,country_4,69,55,12,9
1/26/18,Reddit,country_5,201,88,14,12
1/26/18,Reddit,country_6,152,29,5,7
1/26/18,Reddit,country_7,232,55,8,4
1/26/18,Reddit,country_8,69,0,0,0
1/26/18,SEO,country_1,9,4,1,1
1/26/18,SEO,country_2,118,67,10,7
1/26/18,SEO,country_3,9,7,2,2
1/26/18,SEO,country_4,19,19,4,1
1/26/18,SEO,country_5,90,80,11,4
1/26/18,SEO,country_6,59,19,3,0
1/26/18,SEO,country_7,78,48,11,10
1/26/18,SEO,country_8,22,3,0,1
1/27/18,AdWords,country_1,18,0,0,0
1/27/18,AdWords,country_2,147,17,2,2
1/27/18,AdWords,country_3,6,3,0,0
1/27/18,AdWords,country_4,56,45,7,7
1/27/18,AdWords,country_5,154,61,9,6
1/27/18,AdWords,country_6,94,1,0,0
1/27/18,AdWords,country_7,161,12,3,3
1/27/18,AdWords,country_8,36,0,0,0
1/27/18,Reddit,country_1,26,0,0,0
1/27/18,Reddit,country_2,244,61,2,2
1/27/18,Reddit,country_3,25,7,2,1
1/27/18,Reddit,country_4,62,50,11,11
1/27/18,Reddit,country_5,221,105,22,14
1/27/18,Reddit,country_6,146,19,2,1
1/27/18,Reddit,country_7,248,57,7,5
1/27/18,Reddit,country_8,62,0,0,0
1/27/18,SEO,country_1,8,0,0,0
1/27/18,SEO,country_2,100,63,14,12
1/27/18,SEO,country_3,13,10,2,1
1/27/18,SEO,country_4,14,14,5,3
1/27/18,SEO,country_5,108,92,14,8
1/27/18,SEO,country_6,55,27,3,3
1/27/18,SEO,country_7,87,49,8,7
1/27/18,SEO,country_8,24,6,2,2
1/28/18,AdWords,country_1,22,0,0,0
1/28/18,AdWords,country_2,157,13,2,0
1/28/18,AdWords,country_3,13,2,1,1
1/28/18,AdWords,country_4,34,23,6,4
1/28/18,AdWords,country_5,130,43,7,5
1/28/18,AdWords,country_6,101,8,1,1
1/28/18,AdWords,country_7,161,13,2,2
1/28/18,AdWords,country_8,40,0,0,0
1/28/18,Reddit,country_1,27,0,0,0
1/28/18,Reddit,country_2,238,68,7,8
1/28/18,Reddit,country_3,14,6,0,0
1/28/18,Reddit,country_4,62,39,10,6
1/28/18,Reddit,country_5,233,103,13,8
1/28/18,Reddit,country_6,176,34,4,4
1/28/18,Reddit,country_7,235,58,7,7
1/28/18,Reddit,country_8,78,0,0,0
1/28/18,SEO,country_1,8,0,0,0
1/28/18,SEO,country_2,97,58,9,4
1/28/18,SEO,country_3,9,9,2,1
1/28/18,SEO,country_4,18,18,3,1
1/28/18,SEO,country_5,96,76,9,6
1/28/18,SEO,country_6,64,31,1,3
1/28/18,SEO,country_7,96,59,7,3
1/28/18,SEO,country_8,28,10,2,2
1/29/18,AdWords,country_1,15,0,0,0
1/29/18,AdWords,country_2,160,17,1,0
1/29/18,AdWords,country_3,11,1,0,0
1/29/18,AdWords,country_4,27,20,2,1
1/29/18,AdWords,country_5,112,38,5,3
1/29/18,AdWords,country_6,93,3,0,0
1/29/18,AdWords,country_7,155,14,1,1
1/29/18,AdWords,country_8,64,0,0,0
1/29/18,Reddit,country_1,31,0,0,0
1/29/18,Reddit,country_2,291,93,16,11
1/29/18,Reddit,country_3,22,9,3,2
1/29/18,Reddit,country_4,53,43,9,4
1/29/18,Reddit,country_5,179,78,11,7
1/29/18,Reddit,country_6,149,19,1,1
1/29/18,Reddit,country_7,274,74,12,8
1/29/18,Reddit,country_8,71,0,0,0
1/29/18,SEO,country_1,9,2,0,0
1/29/18,SEO,country_2,116,62,12,7
1/29/18,SEO,country_3,4,3,0,0
1/29/18,SEO,country_4,21,19,2,2
1/29/18,SEO,country_5,85,68,12,7
1/29/18,SEO,country_6,47,20,3,3
1/29/18,SEO,country_7,101,69,5,4
1/29/18,SEO,country_8,28,8,0,0
1/30/18,AdWords,country_1,18,0,0,0
1/30/18,AdWords,country_2,144,15,0,0
1/30/18,AdWords,country_3,7,4,0,0
1/30/18,AdWords,country_4,25,22,0,0
1/30/18,AdWords,country_5,128,54,8,4
1/30/18,AdWords,country_6,104,6,0,2
1/30/18,AdWords,country_7,152,19,2,3
1/30/18,AdWords,country_8,49,0,0,0
1/30/18,Reddit,country_1,31,0,0,0
1/30/18,Reddit,country_2,290,90,12,12
1/30/18,Reddit,country_3,16,6,2,1
1/30/18,Reddit,country_4,67,52,7,7
1/30/18,Reddit,country_5,210,94,20,14
1/30/18,Reddit,country_6,173,29,2,2
1/30/18,Reddit,country_7,210,55,7,7
1/30/18,Reddit,country_8,75,0,0,0
1/30/18,SEO,country_1,7,2,2,2
1/30/18,SEO,country_2,97,65,14,8
1/30/18,SEO,country_3,9,8,2,1
1/30/18,SEO,country_4,25,24,3,1
1/30/18,SEO,country_5,87,71,9,6
1/30/18,SEO,country_6,72,31,5,5
1/30/18,SEO,country_7,83,47,12,6
1/30/18,SEO,country_8,35,10,3,2
1/31/18,AdWords,country_1,20,0,0,0
1/31/18,AdWords,country_2,171,18,1,2
1/31/18,AdWords,country_3,10,2,0,0
1/31/18,AdWords,country_4,40,29,7,4
1/31/18,AdWords,country_5,112,31,3,2
1/31/18,AdWords,country_6,79,4,1,0
1/31/18,AdWords,country_7,217,22,1,1
1/31/18,AdWords,country_8,51,0,0,0
1/31/18,Reddit,country_1,30,0,0,0
1/31/18,Reddit,country_2,257,65,8,5
1/31/18,Reddit,country_3,17,9,1,1
1/31/18,Reddit,country_4,73,52,11,6
1/31/18,Reddit,country_5,179,79,14,14
1/31/18,Reddit,country_6,132,26,4,3
1/31/18,Reddit,country_7,278,90,7,5
1/31/18,Reddit,country_8,61,0,0,0
1/31/18,SEO,country_1,3,1,1,1
1/31/18,SEO,country_2,118,69,10,7
1/31/18,SEO,country_3,9,7,1,0
1/31/18,SEO,country_4,25,25,6,0
1/31/18,SEO,country_5,57,45,6,3
1/31/18,SEO,country_6,56,26,1,1
1/31/18,SEO,country_7,120,73,18,14
1/31/18,SEO,country_8,20,4,0,1
2/1/18,AdWords,country_1,15,0,0,0
2/1/18,AdWords,country_2,125,16,1,1
2/1/18,AdWords,country_3,10,1,0,0
2/1/18,AdWords,country_4,44,34,3,2
2/1/18,AdWords,country_5,120,39,3,3
2/1/18,AdWords,country_6,82,5,0,0
2/1/18,AdWords,country_7,184,24,1,1
2/1/18,AdWords,country_8,50,0,0,0
2/1/18,Reddit,country_1,23,0,0,0
2/1/18,Reddit,country_2,259,62,8,8
2/1/18,Reddit,country_3,18,7,1,0
2/1/18,Reddit,country_4,68,56,6,6
2/1/18,Reddit,country_5,191,85,12,11
2/1/18,Reddit,country_6,119,23,2,3
2/1/18,Reddit,country_7,290,70,9,5
2/1/18,Reddit,country_8,98,0,0,0
2/1/18,SEO,country_1,6,1,1,0
2/1/18,SEO,country_2,131,72,12,11
2/1/18,SEO,country_3,7,5,0,0
2/1/18,SEO,country_4,22,22,6,3
2/1/18,SEO,country_5,70,56,9,6
2/1/18,SEO,country_6,59,32,3,2
2/1/18,SEO,country_7,121,63,8,7
2/1/18,SEO,country_8,41,8,1,0
2/2/18,AdWords,country_1,15,0,0,0
2/2/18,AdWords,country_2,169,22,1,1
2/2/18,AdWords,country_3,6,1,0,0
2/2/18,AdWords,country_4,24,18,3,3
2/2/18,AdWords,country_5,120,30,5,5
2/2/18,AdWords,country_6,94,1,0,0
2/2/18,AdWords,country_7,160,17,1,0
2/2/18,AdWords,country_8,50,0,0,0
2/2/18,Reddit,country_1,24,0,0,0
2/2/18,Reddit,country_2,310,85,6,6
2/2/18,Reddit,country_3,22,7,2,2
2/2/18,Reddit,country_4,57,44,3,3
2/2/18,Reddit,country_5,206,104,13,11
2/2/18,Reddit,country_6,123,23,0,1
2/2/18,Reddit,country_7,284,76,7,4
2/2/18,Reddit,country_8,82,0,0,0
2/2/18,SEO,country_1,11,2,1,0
2/2/18,SEO,country_2,121,73,7,6
2/2/18,SEO,country_3,3,3,0,0
2/2/18,SEO,country_4,28,28,1,1
2/2/18,SEO,country_5,75,56,14,9
2/2/18,SEO,country_6,49,24,1,1
2/2/18,SEO,country_7,88,54,5,2
2/2/18,SEO,country_8,35,10,0,0
2/3/18,AdWords,country_1,16,0,0,0
2/3/18,AdWords,country_2,129,12,0,0
2/3/18,AdWords,country_3,11,1,0,0
2/3/18,AdWords,country_4,37,27,5,4
2/3/18,AdWords,country_5,137,41,2,4
2/3/18,AdWords,country_6,108,6,1,1
2/3/18,AdWords,country_7,180,22,4,5
2/3/18,AdWords,country_8,32,0,0,0
2/3/18,Reddit,country_1,29,0,0,0
2/3/18,Reddit,country_2,262,60,12,11
2/3/18,Reddit,country_3,18,9,1,1
2/3/18,Reddit,country_4,56,40,2,1
2/3/18,Reddit,country_5,233,89,10,11
2/3/18,Reddit,country_6,190,35,2,5
2/3/18,Reddit,country_7,259,70,4,5
2/3/18,Reddit,country_8,68,0,0,0
2/3/18,SEO,country_1,10,4,1,1
2/3/18,SEO,country_2,86,48,3,3
2/3/18,SEO,country_3,8,3,1,1
2/3/18,SEO,country_4,19,19,3,3
2/3/18,SEO,country_5,88,74,10,7
2/3/18,SEO,country_6,51,21,4,4
2/3/18,SEO,country_7,114,69,10,10
2/3/18,SEO,country_8,26,4,1,1
2/4/18,AdWords,country_1,19,0,0,0
2/4/18,AdWords,country_2,149,20,0,2
2/4/18,AdWords,country_3,13,0,0,0
2/4/18,AdWords,country_4,40,30,5,5
2/4/18,AdWords,country_5,134,47,3,3
2/4/18,AdWords,country_6,90,6,0,0
2/4/18,AdWords,country_7,172,8,3,3
2/4/18,AdWords,country_8,48,0,0,0
2/4/18,Reddit,country_1,28,0,0,0
2/4/18,Reddit,country_2,255,64,7,6
2/4/18,Reddit,country_3,17,6,1,1
2/4/18,Reddit,country_4,43,35,8,6
2/4/18,Reddit,country_5,219,88,8,7
2/4/18,Reddit,country_6,136,24,1,1
2/4/18,Reddit,country_7,285,65,3,7
2/4/18,Reddit,country_8,85,0,0,0
2/4/18,SEO,country_1,8,4,1,1
2/4/18,SEO,country_2,104,60,4,3
2/4/18,SEO,country_3,8,3,0,0
2/4/18,SEO,country_4,26,25,6,6
2/4/18,SEO,country_5,92,75,9,5
2/4/18,SEO,country_6,67,30,2,2
2/4/18,SEO,country_7,105,58,8,6
2/4/18,SEO,country_8,32,10,0,0
2/5/18,AdWords,country_1,16,0,0,0
2/5/18,AdWords,country_2,163,17,1,0
2/5/18,AdWords,country_3,8,1,0,0
2/5/18,AdWords,country_4,46,33,6,5
2/5/18,AdWords,country_5,131,46,6,5
2/5/18,AdWords,country_6,74,3,0,0
2/5/18,AdWords,country_7,192,15,2,1
2/5/18,AdWords,country_8,51,0,0,0
2/5/18,Reddit,country_1,35,0,0,0
2/5/18,Reddit,country_2,260,67,7,6
2/5/18,Reddit,country_3,21,10,1,1
2/5/18,Reddit,country_4,63,45,9,6
2/5/18,Reddit,country_5,238,114,19,13
2/5/18,Reddit,country_6,132,20,1,1
2/5/18,Reddit,country_7,276,77,5,8
2/5/18,Reddit,country_8,90,0,0,0
2/5/18,SEO,country_1,11,4,1,1
2/5/18,SEO,country_2,106,59,8,8
2/5/18,SEO,country_3,8,5,0,0
2/5/18,SEO,country_4,29,29,3,2
2/5/18,SEO,country_5,67,51,6,6
2/5/18,SEO,country_6,57,26,3,2
2/5/18,SEO,country_7,103,57,11,11
2/5/18,SEO,country_8,33,5,1,1
2/6/18,AdWords,country_1,18,0,0,0
2/6/18,AdWords,country_2,141,15,1,1
2/6/18,AdWords,country_3,8,2,0,0
2/6/18,AdWords,country_4,35,23,2,1
2/6/18,AdWords,country_5,155,54,6,6
2/6/18,AdWords,country_6,105,3,0,0
2/6/18,AdWords,country_7,174,14,1,2
2/6/18,AdWords,country_8,50,0,0,0
2/6/18,Reddit,country_1,22,0,0,0
2/6/18,Reddit,country_2,231,57,4,5
2/6/18,Reddit,country_3,13,2,0,0
2/6/18,Reddit,country_4,54,42,8,6
2/6/18,Reddit,country_5,215,96,15,15
2/6/18,Reddit,country_6,179,29,3,4
2/6/18,Reddit,country_7,293,86,13,10
2/6/18,Reddit,country_8,89,0,0,0
2/6/18,SEO,country_1,6,1,1,1
2/6/18,SEO,country_2,105,59,9,5
2/6/18,SEO,country_3,8,5,0,0
2/6/18,SEO,country_4,19,19,2,2
2/6/18,SEO,country_5,93,71,11,9
2/6/18,SEO,country_6,66,35,6,4
2/6/18,SEO,country_7,112,63,7,3
2/6/18,SEO,country_8,33,7,3,1
2/7/18,AdWords,country_1,13,0,0,0
2/7/18,AdWords,country_2,188,16,2,2
2/7/18,AdWords,country_3,6,0,0,0
2/7/18,AdWords,country_4,50,38,6,7
2/7/18,AdWords,country_5,129,36,3,2
2/7/18,AdWords,country_6,101,3,0,0
2/7/18,AdWords,country_7,162,21,2,2
2/7/18,AdWords,country_8,42,0,0,0
2/7/18,Reddit,country_1,28,0,0,0
2/7/18,Reddit,country_2,280,80,6,5
2/7/18,Reddit,country_3,16,5,0,0
2/7/18,Reddit,country_4,72,54,9,9
2/7/18,Reddit,country_5,188,84,10,10
2/7/18,Reddit,country_6,190,34,3,4
2/7/18,Reddit,country_7,218,59,5,5
2/7/18,Reddit,country_8,69,0,0,0
2/7/18,SEO,country_1,17,1,0,0
2/7/18,SEO,country_2,117,66,4,5
2/7/18,SEO,country_3,7,6,0,0
2/7/18,SEO,country_4,25,23,1,2
2/7/18,SEO,country_5,85,65,11,10
2/7/18,SEO,country_6,76,27,2,1
2/7/18,SEO,country_7,106,61,7,6
2/7/18,SEO,country_8,26,10,2,1
2/8/18,AdWords,country_1,22,0,0,0
2/8/18,AdWords,country_2,132,12,2,1
2/8/18,AdWords,country_3,14,2,0,0
2/8/18,AdWords,country_4,37,23,3,3
2/8/18,AdWords,country_5,107,31,1,2
2/8/18,AdWords,country_6,122,1,0,0
2/8/18,AdWords,country_7,171,24,4,4
2/8/18,AdWords,country_8,44,0,0,0
2/8/18,Reddit,country_1,32,0,0,0
2/8/18,Reddit,country_2,253,73,7,8
2/8/18,Reddit,country_3,22,13,0,0
2/8/18,Reddit,country_4,56,40,8,7
2/8/18,Reddit,country_5,187,75,15,15
2/8/18,Reddit,country_6,203,45,6,6
2/8/18,Reddit,country_7,301,83,10,11
2/8/18,Reddit,country_8,67,0,0,0
2/8/18,SEO,country_1,8,1,0,0
2/8/18,SEO,country_2,99,53,8,10
2/8/18,SEO,country_3,4,2,0,0
2/8/18,SEO,country_4,33,33,6,5
2/8/18,SEO,country_5,84,74,7,4
2/8/18,SEO,country_6,80,35,6,4
2/8/18,SEO,country_7,103,58,9,11
2/8/18,SEO,country_8,24,9,1,1
2/9/18,AdWords,country_1,20,0,0,0
2/9/18,AdWords,country_2,130,12,0,0
2/9/18,AdWords,country_3,14,2,0,0
2/9/18,AdWords,country_4,42,25,4,5
2/9/18,AdWords,country_5,160,53,5,2
2/9/18,AdWords,country_6,81,0,0,0
2/9/18,AdWords,country_7,186,21,2,2
2/9/18,AdWords,country_8,61,0,0,0
2/9/18,Reddit,country_1,26,0,0,0
2/9/18,Reddit,country_2,231,53,5,4
2/9/18,Reddit,country_3,12,6,0,0
2/9/18,Reddit,country_4,51,38,9,8
2/9/18,Reddit,country_5,241,110,12,10
2/9/18,Reddit,country_6,138,18,2,2
2/9/18,Reddit,country_7,294,93,8,6
2/9/18,Reddit,country_8,81,0,0,0
2/9/18,SEO,country_1,15,1,0,0
2/9/18,SEO,country_2,77,51,7,8
2/9/18,SEO,country_3,11,10,2,2
2/9/18,SEO,country_4,24,23,5,5
2/9/18,SEO,country_5,101,88,11,10
2/9/18,SEO,country_6,60,24,2,2
2/9/18,SEO,country_7,120,83,9,6
2/9/18,SEO,country_8,38,8,1,1
2/10/18,AdWords,country_1,17,0,0,0
2/10/18,AdWords,country_2,184,12,1,2
2/10/18,AdWords,country_3,5,1,0,0
2/10/18,AdWords,country_4,32,26,2,2
2/10/18,AdWords,country_5,120,46,2,1
2/10/18,AdWords,country_6,87,2,0,1
2/10/18,AdWords,country_7,163,18,1,2
2/10/18,AdWords,country_8,54,0,0,0
2/10/18,Reddit,country_1,30,0,0,0
2/10/18,Reddit,country_2,342,86,12,8
2/10/18,Reddit,country_3,15,7,0,0
2/10/18,Reddit,country_4,76,59,4,3
2/10/18,Reddit,country_5,198,88,14,13
2/10/18,Reddit,country_6,153,21,1,2
2/10/18,Reddit,country_7,224,62,10,7
2/10/18,Reddit,country_8,99,0,0,0
2/10/18,SEO,country_1,12,0,0,0
2/10/18,SEO,country_2,107,69,8,5
2/10/18,SEO,country_3,7,6,1,1
2/10/18,SEO,country_4,27,27,3,2
2/10/18,SEO,country_5,72,52,5,3
2/10/18,SEO,country_6,59,24,1,1
2/10/18,SEO,country_7,96,55,4,4
2/10/18,SEO,country_8,33,3,0,0
2/11/18,AdWords,country_1,15,0,0,0
2/11/18,AdWords,country_2,187,21,4,3
2/11/18,AdWords,country_3,9,1,0,0
2/11/18,AdWords,country_4,54,39,7,5
2/11/18,AdWords,country_5,126,42,5,4
2/11/18,AdWords,country_6,87,3,0,0
2/11/18,AdWords,country_7,167,17,3,4
2/11/18,AdWords,country_8,46,0,0,0
2/11/18,Reddit,country_1,17,0,0,0
2/11/18,Reddit,country_2,296,83,7,7
2/11/18,Reddit,country_3,18,8,2,2
2/11/18,Reddit,country_4,65,51,3,1
2/11/18,Reddit,country_5,183,85,9,7
2/11/18,Reddit,country_6,221,28,4,5
2/11/18,Reddit,country_7,272,74,11,10
2/11/18,Reddit,country_8,84,0,0,0
2/11/18,SEO,country_1,12,3,0,0
2/11/18,SEO,country_2,93,55,3,2
2/11/18,SEO,country_3,10,7,1,1
2/11/18,SEO,country_4,29,29,2,3
2/11/18,SEO,country_5,62,52,5,2
2/11/18,SEO,country_6,71,34,2,1
2/11/18,SEO,country_7,86,54,6,5
2/11/18,SEO,country_8,37,6,1,1
2/12/18,AdWords,country_1,16,0,0,0
2/12/18,AdWords,country_2,145,11,2,1
2/12/18,AdWords,country_3,10,1,0,0
2/12/18,AdWords,country_4,30,22,4,2
2/12/18,AdWords,country_5,113,41,5,6
2/12/18,AdWords,country_6,102,2,0,0
2/12/18,AdWords,country_7,183,12,0,0
2/12/18,AdWords,country_8,61,0,0,0
2/12/18,Reddit,country_1,29,0,0,0
2/12/18,Reddit,country_2,273,77,7,8
2/12/18,Reddit,country_3,17,7,1,1
2/12/18,Reddit,country_4,66,44,7,6
2/12/18,Reddit,country_5,201,98,5,5
2/12/18,Reddit,country_6,152,30,3,4
2/12/18,Reddit,country_7,323,85,11,12
2/12/18,Reddit,country_8,79,0,0,0
2/12/18,SEO,country_1,13,1,0,0
2/12/18,SEO,country_2,108,55,5,5
2/12/18,SEO,country_3,8,4,0,0
2/12/18,SEO,country_4,21,20,3,2
2/12/18,SEO,country_5,76,59,9,8
2/12/18,SEO,country_6,65,25,4,3
2/12/18,SEO,country_7,131,75,9,7
2/12/18,SEO,country_8,39,6,0,0
2/13/18,AdWords,country_1,23,0,0,0
2/13/18,AdWords,country_2,149,19,1,1
2/13/18,AdWords,country_3,12,2,0,0
2/13/18,AdWords,country_4,41,30,3,3
2/13/18,AdWords,country_5,165,56,3,3
2/13/18,AdWords,country_6,102,5,0,0
2/13/18,AdWords,country_7,159,24,3,3
2/13/18,AdWords,country_8,56,0,0,0
2/13/18,Reddit,country_1,24,0,0,0
2/13/18,Reddit,country_2,259,68,9,9
2/13/18,Reddit,country_3,16,6,1,1
2/13/18,Reddit,country_4,78,62,2,2
2/13/18,Reddit,country_5,254,124,11,8
2/13/18,Reddit,country_6,179,33,3,3
2/13/18,Reddit,country_7,232,57,7,7
2/13/18,Reddit,country_8,106,0,0,0
2/13/18,SEO,country_1,19,3,0,0
2/13/18,SEO,country_2,94,48,6,5
2/13/18,SEO,country_3,2,1,0,0
2/13/18,SEO,country_4,26,24,4,6
2/13/18,SEO,country_5,92,73,10,8
2/13/18,SEO,country_6,61,32,5,4
2/13/18,SEO,country_7,94,52,8,6
2/13/18,SEO,country_8,31,5,0,0
2/14/18,AdWords,country_1,20,0,0,0
2/14/18,AdWords,country_2,194,21,0,0
2/14/18,AdWords,country_3,10,1,0,0
2/14/18,AdWords,country_4,41,34,3,2
2/14/18,AdWords,country_5,126,38,7,6
2/14/18,AdWords,country_6,111,7,1,1
2/14/18,AdWords,country_7,163,18,1,1
2/14/18,AdWords,country_8,61,0,0,0
2/14/18,Reddit,country_1,21,0,0,0
2/14/18,Reddit,country_2,279,88,11,11
2/14/18,Reddit,country_3,17,6,0,0
2/14/18,Reddit,country_4,73,53,11,6
2/14/18,Reddit,country_5,196,89,14,12
2/14/18,Reddit,country_6,182,30,1,1
2/14/18,Reddit,country_7,291,62,6,7
2/14/18,Reddit,country_8,80,0,0,0
2/14/18,SEO,country_1,13,4,1,1
2/14/18,SEO,country_2,102,55,4,5
2/14/18,SEO,country_3,10,7,1,1
2/14/18,SEO,country_4,24,24,4,2
2/14/18,SEO,country_5,89,64,8,4
2/14/18,SEO,country_6,77,37,2,1
2/14/18,SEO,country_7,103,58,4,3
2/14/18,SEO,country_8,33,9,0,0
2/15/18,AdWords,country_1,15,0,0,0
2/15/18,AdWords,country_2,132,12,0,0
2/15/18,AdWords,country_3,7,3,0,1
2/15/18,AdWords,country_4,40,30,5,4
2/15/18,AdWords,country_5,134,35,2,5
2/15/18,AdWords,country_6,120,5,0,0
2/15/18,AdWords,country_7,219,25,4,3
2/15/18,AdWords,country_8,48,0,0,0
2/15/18,Reddit,country_1,27,0,0,0
2/15/18,Reddit,country_2,227,61,6,7
2/15/18,Reddit,country_3,15,4,0,0
2/15/18,Reddit,country_4,81,60,5,1
2/15/18,Reddit,country_5,221,82,8,8
2/15/18,Reddit,country_6,163,28,1,1
2/15/18,Reddit,country_7,305,88,8,4
2/15/18,Reddit,country_8,80,0,0,0
2/15/18,SEO,country_1,7,3,1,2
2/15/18,SEO,country_2,88,41,3,4
2/15/18,SEO,country_3,4,4,1,0
2/15/18,SEO,country_4,26,26,5,3
2/15/18,SEO,country_5,106,79,4,4
2/15/18,SEO,country_6,86,49,3,2
2/15/18,SEO,country_7,113,58,6,5
2/15/18,SEO,country_8,43,9,0,1
2/16/18,AdWords,country_1,22,0,0,0
2/16/18,AdWords,country_2,159,17,2,2
2/16/18,AdWords,country_3,11,3,1,1
2/16/18,AdWords,country_4,37,19,2,3
2/16/18,AdWords,country_5,164,49,7,6
2/16/18,AdWords,country_6,106,3,0,0
2/16/18,AdWords,country_7,137,15,3,2
2/16/18,AdWords,country_8,46,0,0,0
2/16/18,Reddit,country_1,28,0,0,0
2/16/18,Reddit,country_2,272,65,6,7
2/16/18,Reddit,country_3,14,5,1,1
2/16/18,Reddit,country_4,60,42,7,5
2/16/18,Reddit,country_5,247,123,11,9
2/16/18,Reddit,country_6,203,30,0,1
2/16/18,Reddit,country_7,280,73,8,9
2/16/18,Reddit,country_8,67,0,0,0
2/16/18,SEO,country_1,12,7,0,0
2/16/18,SEO,country_2,100,64,7,9
2/16/18,SEO,country_3,4,4,1,0
2/16/18,SEO,country_4,22,22,2,1
2/16/18,SEO,country_5,104,81,10,7
2/16/18,SEO,country_6,81,33,2,2
2/16/18,SEO,country_7,108,67,11,8
2/16/18,SEO,country_8,32,6,1,0
2/17/18,AdWords,country_1,11,0,0,0
2/17/18,AdWords,country_2,174,27,1,1
2/17/18,AdWords,country_3,10,3,0,0
2/17/18,AdWords,country_4,38,25,4,4
2/17/18,AdWords,country_5,108,36,4,6
2/17/18,AdWords,country_6,83,3,0,0
2/17/18,AdWords,country_7,196,13,2,3
2/17/18,AdWords,country_8,60,0,0,0
2/17/18,Reddit,country_1,32,0,0,0
2/17/18,Reddit,country_2,331,82,6,5
2/17/18,Reddit,country_3,19,10,1,1
2/17/18,Reddit,country_4,63,47,6,5
2/17/18,Reddit,country_5,218,106,14,14
2/17/18,Reddit,country_6,173,30,3,3
2/17/18,Reddit,country_7,294,79,11,13
2/17/18,Reddit,country_8,97,0,0,0
2/17/18,SEO,country_1,14,2,0,0
2/17/18,SEO,country_2,107,59,6,5
2/17/18,SEO,country_3,8,6,2,2
2/17/18,SEO,country_4,24,24,6,4
2/17/18,SEO,country_5,85,73,7,9
2/17/18,SEO,country_6,66,33,1,1
2/17/18,SEO,country_7,104,69,4,5
2/17/18,SEO,country_8,49,13,1,1
2/18/18,AdWords,country_1,14,0,0,0
2/18/18,AdWords,country_2,179,16,1,1
2/18/18,AdWords,country_3,8,2,0,0
2/18/18,AdWords,country_4,34,21,1,2
2/18/18,AdWords,country_5,115,30,1,5
2/18/18,AdWords,country_6,117,7,1,1
2/18/18,AdWords,country_7,185,24,3,3
2/18/18,AdWords,country_8,46,0,0,0
2/18/18,Reddit,country_1,21,0,0,0
2/18/18,Reddit,country_2,305,82,8,10
2/18/18,Reddit,country_3,15,5,2,2
2/18/18,Reddit,country_4,68,50,8,7
2/18/18,Reddit,country_5,222,97,7,5
2/18/18,Reddit,country_6,163,28,3,2
2/18/18,Reddit,country_7,319,86,4,4
2/18/18,Reddit,country_8,91,0,0,0
2/18/18,SEO,country_1,16,3,0,0
2/18/18,SEO,country_2,124,71,7,8
2/18/18,SEO,country_3,8,5,1,1
2/18/18,SEO,country_4,36,36,3,3
2/18/18,SEO,country_5,65,48,7,6
2/18/18,SEO,country_6,75,36,5,5
2/18/18,SEO,country_7,121,74,8,12
2/18/18,SEO,country_8,35,9,1,1
2/19/18,AdWords,country_1,15,0,0,0
2/19/18,AdWords,country_2,166,12,1,0
2/19/18,AdWords,country_3,7,1,0,0
2/19/18,AdWords,country_4,40,31,5,5
2/19/18,AdWords,country_5,150,42,2,3
2/19/18,AdWords,country_6,87,3,0,0
2/19/18,AdWords,country_7,164,18,3,6
2/19/18,AdWords,country_8,53,0,0,0
2/19/18,Reddit,country_1,29,0,0,0
2/19/18,Reddit,country_2,271,74,7,9
2/19/18,Reddit,country_3,18,2,0,0
2/19/18,Reddit,country_4,64,53,8,8
2/19/18,Reddit,country_5,261,119,9,11
2/19/18,Reddit,country_6,179,29,3,3
2/19/18,Reddit,country_7,291,84,8,8
2/19/18,Reddit,country_8,107,0,0,0
2/19/18,SEO,country_1,15,1,0,0
2/19/18,SEO,country_2,108,63,9,11
2/19/18,SEO,country_3,5,3,0,0
2/19/18,SEO,country_4,23,23,3,3
2/19/18,SEO,country_5,100,71,9,7
2/19/18,SEO,country_6,57,33,1,1
2/19/18,SEO,country_7,140,90,4,7
2/19/18,SEO,country_8,42,8,2,2
2/20/18,AdWords,country_1,17,0,0,0
2/20/18,AdWords,country_2,167,18,1,1
2/20/18,AdWords,country_3,11,3,0,0
2/20/18,AdWords,country_4,53,44,4,6
2/20/18,AdWords,country_5,123,48,4,5
2/20/18,AdWords,country_6,132,8,0,0
2/20/18,AdWords,country_7,205,21,1,1
2/20/18,AdWords,country_8,40,0,0,0
2/20/18,Reddit,country_1,32,0,0,0
2/20/18,Reddit,country_2,237,83,10,8
2/20/18,Reddit,country_3,21,11,1,1
2/20/18,Reddit,country_4,82,65,10,10
2/20/18,Reddit,country_5,188,85,6,5
2/20/18,Reddit,country_6,197,29,1,1
2/20/18,Reddit,country_7,335,90,10,12
2/20/18,Reddit,country_8,69,0,0,0
2/20/18,SEO,country_1,13,2,0,0
2/20/18,SEO,country_2,106,67,5,6
2/20/18,SEO,country_3,2,0,0,0
2/20/18,SEO,country_4,39,39,5,6
2/20/18,SEO,country_5,83,65,7,5
2/20/18,SEO,country_6,85,42,4,5
2/20/18,SEO,country_7,150,99,11,10
2/20/18,SEO,country_8,32,8,1,2
2/21/18,AdWords,country_1,15,0,0,0
2/21/18,AdWords,country_2,142,15,3,1
2/21/18,AdWords,country_3,5,0,0,0
2/21/18,AdWords,country_4,48,38,4,3
2/21/18,AdWords,country_5,136,45,1,3
2/21/18,AdWords,country_6,92,2,0,1
2/21/18,AdWords,country_7,189,19,1,2
2/21/18,AdWords,country_8,66,0,0,0
2/21/18,Reddit,country_1,30,0,0,0
2/21/18,Reddit,country_2,282,74,14,12
2/21/18,Reddit,country_3,12,5,1,0
2/21/18,Reddit,country_4,88,67,5,5
2/21/18,Reddit,country_5,240,102,17,15
2/21/18,Reddit,country_6,163,25,0,1
2/21/18,Reddit,country_7,352,99,11,12
2/21/18,Reddit,country_8,107,0,0,0
2/21/18,SEO,country_1,11,2,0,0
2/21/18,SEO,country_2,90,47,3,1
2/21/18,SEO,country_3,10,5,1,0
2/21/18,SEO,country_4,32,32,3,3
2/21/18,SEO,country_5,98,75,12,10
2/21/18,SEO,country_6,64,28,4,4
2/21/18,SEO,country_7,143,82,7,7
2/21/18,SEO,country_8,37,5,1,1
2/22/18,AdWords,country_1,15,0,0,0
2/22/18,AdWords,country_2,191,29,3,5
2/22/18,AdWords,country_3,10,0,0,0
2/22/18,AdWords,country_4,33,22,3,3
2/22/18,AdWords,country_5,126,48,6,6
2/22/18,AdWords,country_6,103,7,0,0
2/22/18,AdWords,country_7,181,12,2,2
2/22/18,AdWords,country_8,61,0,0,0
2/22/18,Reddit,country_1,35,0,0,0
2/22/18,Reddit,country_2,329,93,8,8
2/22/18,Reddit,country_3,12,5,1,1
2/22/18,Reddit,country_4,77,57,10,10
2/22/18,Reddit,country_5,189,89,6,6
2/22/18,Reddit,country_6,197,29,3,2
2/22/18,Reddit,country_7,339,111,9,10
2/22/18,Reddit,country_8,75,0,0,0
2/22/18,SEO,country_1,12,1,0,0
2/22/18,SEO,country_2,133,75,10,9
2/22/18,SEO,country_3,4,3,0,0
2/22/18,SEO,country_4,36,36,8,7
2/22/18,SEO,country_5,83,70,8,8
2/22/18,SEO,country_6,68,31,4,4
2/22/18,SEO,country_7,139,73,12,7
2/22/18,SEO,country_8,30,11,1,1
2/23/18,AdWords,country_1,14,0,0,0
2/23/18,AdWords,country_2,180,18,1,1
2/23/18,AdWords,country_3,6,2,0,0
2/23/18,AdWords,country_4,45,36,1,2
2/23/18,AdWords,country_5,135,44,7,6
2/23/18,AdWords,country_6,124,8,1,2
2/23/18,AdWords,country_7,168,23,3,3
2/23/18,AdWords,country_8,72,0,0,0
2/23/18,Reddit,country_1,24,0,0,0
2/23/18,Reddit,country_2,286,76,7,8
2/23/18,Reddit,country_3,12,6,0,0
2/23/18,Reddit,country_4,63,51,4,4
2/23/18,Reddit,country_5,240,111,13,13
2/23/18,Reddit,country_6,195,35,3,3
2/23/18,Reddit,country_7,303,96,10,7
2/23/18,Reddit,country_8,105,0,0,0
2/23/18,SEO,country_1,13,0,0,0
2/23/18,SEO,country_2,118,60,9,8
2/23/18,SEO,country_3,9,7,1,1
2/23/18,SEO,country_4,37,36,6,5
2/23/18,SEO,country_5,77,57,6,3
2/23/18,SEO,country_6,85,41,2,1
2/23/18,SEO,country_7,125,73,10,11
2/23/18,SEO,country_8,37,10,0,0
2/24/18,AdWords,country_1,21,0,0,0
2/24/18,AdWords,country_2,196,25,2,3
2/24/18,AdWords,country_3,8,4,1,1
2/24/18,AdWords,country_4,29,22,2,2
2/24/18,AdWords,country_5,122,39,3,4
2/24/18,AdWords,country_6,129,5,0,1
2/24/18,AdWords,country_7,166,9,1,1
2/24/18,AdWords,country_8,60,0,0,0
2/24/18,Reddit,country_1,37,0,0,0
2/24/18,Reddit,country_2,352,104,6,7
2/24/18,Reddit,country_3,19,9,0,0
2/24/18,Reddit,country_4,72,53,3,1
2/24/18,Reddit,country_5,205,88,9,8
2/24/18,Reddit,country_6,199,32,1,2
2/24/18,Reddit,country_7,254,67,3,3
2/24/18,Reddit,country_8,112,0,0,0
2/24/18,SEO,country_1,6,0,0,0
2/24/18,SEO,country_2,136,79,7,5
2/24/18,SEO,country_3,6,4,1,1
2/24/18,SEO,country_4,36,36,6,5
2/24/18,SEO,country_5,93,72,4,6
2/24/18,SEO,country_6,82,34,1,0
2/24/18,SEO,country_7,86,47,5,3
2/24/18,SEO,country_8,38,12,1,1
2/25/18,AdWords,country_1,18,0,0,0
2/25/18,AdWords,country_2,186,18,4,4
2/25/18,AdWords,country_3,4,1,0,0
2/25/18,AdWords,country_4,48,40,7,5
2/25/18,AdWords,country_5,99,39,5,6
2/25/18,AdWords,country_6,90,5,0,0
2/25/18,AdWords,country_7,201,24,2,3
2/25/18,AdWords,country_8,60,0,0,0
2/25/18,Reddit,country_1,31,0,0,0
2/25/18,Reddit,country_2,332,82,6,5
2/25/18,Reddit,country_3,11,4,0,0
2/25/18,Reddit,country_4,86,60,6,5
2/25/18,Reddit,country_5,219,106,10,7
2/25/18,Reddit,country_6,175,27,1,1
2/25/18,Reddit,country_7,308,74,14,11
2/25/18,Reddit,country_8,70,0,0,0
2/25/18,SEO,country_1,13,2,0,0
2/25/18,SEO,country_2,131,70,7,5
2/25/18,SEO,country_3,7,6,0,0
2/25/18,SEO,country_4,32,31,3,3
2/25/18,SEO,country_5,111,89,10,13
2/25/18,SEO,country_6,60,21,1,1
2/25/18,SEO,country_7,110,55,7,6
2/25/18,SEO,country_8,39,9,2,2
2/26/18,AdWords,country_1,20,0,0,0
2/26/18,AdWords,country_2,129,13,0,0
2/26/18,AdWords,country_3,9,1,0,0
2/26/18,AdWords,country_4,42,30,3,4
2/26/18,AdWords,country_5,156,43,3,3
2/26/18,AdWords,country_6,110,5,0,1
2/26/18,AdWords,country_7,208,13,0,0
2/26/18,AdWords,country_8,53,0,0,0
2/26/18,Reddit,country_1,24,0,0,0
2/26/18,Reddit,country_2,244,74,9,9
2/26/18,Reddit,country_3,11,3,1,0
2/26/18,Reddit,country_4,59,42,5,3
2/26/18,Reddit,country_5,272,121,15,12
2/26/18,Reddit,country_6,177,25,1,0
2/26/18,Reddit,country_7,329,93,6,8
2/26/18,Reddit,country_8,88,0,0,0
2/26/18,SEO,country_1,17,8,1,1
2/26/18,SEO,country_2,114,66,7,7
2/26/18,SEO,country_3,9,7,1,2
2/26/18,SEO,country_4,18,18,1,1
2/26/18,SEO,country_5,106,90,8,8
2/26/18,SEO,country_6,68,23,3,1
2/26/18,SEO,country_7,154,84,9,9
2/26/18,SEO,country_8,31,6,1,1
2/27/18,AdWords,country_1,19,0,0,0
2/27/18,AdWords,country_2,206,22,0,1
2/27/18,AdWords,country_3,8,2,1,1
2/27/18,AdWords,country_4,50,36,6,6
2/27/18,AdWords,country_5,161,48,3,6
2/27/18,AdWords,country_6,99,4,0,0
2/27/18,AdWords,country_7,183,16,1,1
2/27/18,AdWords,country_8,44,0,0,0
2/27/18,Reddit,country_1,30,0,0,0
2/27/18,Reddit,country_2,342,96,13,13
2/27/18,Reddit,country_3,17,6,1,0
2/27/18,Reddit,country_4,81,65,8,8
2/27/18,Reddit,country_5,244,102,13,13
2/27/18,Reddit,country_6,179,27,0,2
2/27/18,Reddit,country_7,261,62,8,9
2/27/18,Reddit,country_8,87,0,0,0
2/27/18,SEO,country_1,11,2,0,1
2/27/18,SEO,country_2,133,80,9,11
2/27/18,SEO,country_3,7,5,0,1
2/27/18,SEO,country_4,21,21,1,1
2/27/18,SEO,country_5,91,73,9,8
2/27/18,SEO,country_6,72,38,3,3
2/27/18,SEO,country_7,80,50,4,6
2/27/18,SEO,country_8,39,8,0,1
2/28/18,AdWords,country_1,12,0,0,0
2/28/18,AdWords,country_2,157,18,2,2
2/28/18,AdWords,country_3,9,2,0,0
2/28/18,AdWords,country_4,56,42,4,2
2/28/18,AdWords,country_5,155,44,3,1
2/28/18,AdWords,country_6,95,3,0,0
2/28/18,AdWords,country_7,223,18,2,2
2/28/18,AdWords,country_8,50,0,0,0
2/28/18,Reddit,country_1,30,0,0,0
2/28/18,Reddit,country_2,262,72,8,10
2/28/18,Reddit,country_3,16,3,0,0
2/28/18,Reddit,country_4,80,61,6,5
2/28/18,Reddit,country_5,236,107,10,13
2/28/18,Reddit,country_6,161,30,2,3
2/28/18,Reddit,country_7,356,93,5,9
2/28/18,Reddit,country_8,88,0,0,0
2/28/18,SEO,country_1,13,4,1,1
2/28/18,SEO,country_2,132,75,6,6
2/28/18,SEO,country_3,3,1,0,0
2/28/18,SEO,country_4,41,41,3,8
2/28/18,SEO,country_5,89,65,6,6
2/28/18,SEO,country_6,60,31,4,4
2/28/18,SEO,country_7,145,66,4,4
2/28/18,SEO,country_8,38,6,0,0
3/1/18,AdWords,country_1,18,0,0,0
3/1/18,AdWords,country_2,163,19,3,3
3/1/18,AdWords,country_3,8,2,0,0
3/1/18,AdWords,country_4,57,44,2,2
3/1/18,AdWords,country_5,157,55,4,4
3/1/18,AdWords,country_6,122,6,0,0
3/1/18,AdWords,country_7,189,18,2,2
3/1/18,AdWords,country_8,58,0,0,0
3/1/18,Reddit,country_1,39,0,0,0
3/1/18,Reddit,country_2,238,72,8,9
3/1/18,Reddit,country_3,13,6,2,2
3/1/18,Reddit,country_4,103,79,9,8
3/1/18,Reddit,country_5,260,117,11,15
3/1/18,Reddit,country_6,210,41,2,2
3/1/18,Reddit,country_7,295,77,9,7
3/1/18,Reddit,country_8,95,0,0,0
3/1/18,SEO,country_1,19,3,0,0
3/1/18,SEO,country_2,117,65,8,8
3/1/18,SEO,country_3,4,4,0,0
3/1/18,SEO,country_4,38,37,3,2
3/1/18,SEO,country_5,89,68,3,5
3/1/18,SEO,country_6,90,44,3,3
3/1/18,SEO,country_7,104,58,8,8
3/1/18,SEO,country_8,35,7,1,1
3/2/18,AdWords,country_1,16,0,0,0
3/2/18,AdWords,country_2,195,22,2,2
3/2/18,AdWords,country_3,9,0,0,0
3/2/18,AdWords,country_4,36,28,5,5
3/2/18,AdWords,country_5,149,49,4,3
3/2/18,AdWords,country_6,110,6,0,0
3/2/18,AdWords,country_7,174,22,3,4
3/2/18,AdWords,country_8,71,0,0,0
3/2/18,Reddit,country_1,28,0,0,0
3/2/18,Reddit,country_2,344,110,13,14
3/2/18,Reddit,country_3,17,13,5,4
3/2/18,Reddit,country_4,89,69,11,13
3/2/18,Reddit,country_5,221,98,11,12
3/2/18,Reddit,country_6,166,26,3,3
3/2/18,Reddit,country_7,329,100,3,5
3/2/18,Reddit,country_8,100,0,0,0
3/2/18,SEO,country_1,12,2,0,0
3/2/18,SEO,country_2,135,77,11,14
3/2/18,SEO,country_3,6,4,1,3
3/2/18,SEO,country_4,26,26,5,5
3/2/18,SEO,country_5,74,56,5,5
3/2/18,SEO,country_6,68,33,3,5
3/2/18,SEO,country_7,121,79,6,6
3/2/18,SEO,country_8,35,10,1,1
3/3/18,AdWords,country_1,21,0,0,0
3/3/18,AdWords,country_2,206,18,1,1
3/3/18,AdWords,country_3,13,2,0,0
3/3/18,AdWords,country_4,62,44,5,8
3/3/18,AdWords,country_5,151,47,2,3
3/3/18,AdWords,country_6,125,5,0,0
3/3/18,AdWords,country_7,193,12,0,2
3/3/18,AdWords,country_8,50,0,0,0
3/3/18,Reddit,country_1,24,0,0,0
3/3/18,Reddit,country_2,291,72,5,8
3/3/18,Reddit,country_3,12,5,1,1
3/3/18,Reddit,country_4,92,69,6,9
3/3/18,Reddit,country_5,246,120,11,15
3/3/18,Reddit,country_6,152,28,2,4
3/3/18,Reddit,country_7,344,104,12,16
3/3/18,Reddit,country_8,75,0,0,0
3/3/18,SEO,country_1,14,2,0,0
3/3/18,SEO,country_2,115,67,6,6
3/3/18,SEO,country_3,5,5,1,1
3/3/18,SEO,country_4,39,39,2,5
3/3/18,SEO,country_5,112,86,13,14
3/3/18,SEO,country_6,71,29,2,5
3/3/18,SEO,country_7,118,63,4,5
3/3/18,SEO,country_8,28,7,1,1
3/4/18,AdWords,country_1,20,0,0,0
3/4/18,AdWords,country_2,173,16,0,4
3/4/18,AdWords,country_3,9,1,0,0
3/4/18,AdWords,country_4,47,34,4,3
3/4/18,AdWords,country_5,149,48,4,6
3/4/18,AdWords,country_6,127,7,1,1
3/4/18,AdWords,country_7,195,21,2,2
3/4/18,AdWords,country_8,48,0,0,0
3/4/18,Reddit,country_1,32,0,0,0
3/4/18,Reddit,country_2,254,66,6,7
3/4/18,Reddit,country_3,13,5,0,0
3/4/18,Reddit,country_4,92,68,10,13
3/4/18,Reddit,country_5,201,107,8,11
3/4/18,Reddit,country_6,237,45,5,7
3/4/18,Reddit,country_7,338,83,6,11
3/4/18,Reddit,country_8,113,0,0,0
3/4/18,SEO,country_1,9,3,0,1
3/4/18,SEO,country_2,111,63,4,6
3/4/18,SEO,country_3,4,4,0,0
3/4/18,SEO,country_4,28,28,1,4
3/4/18,SEO,country_5,101,77,11,12
3/4/18,SEO,country_6,94,39,2,2
3/4/18,SEO,country_7,157,82,2,4
3/4/18,SEO,country_8,40,6,1,1
3/5/18,AdWords,country_1,14,0,0,0
3/5/18,AdWords,country_2,192,19,2,2
3/5/18,AdWords,country_3,10,2,0,0
3/5/18,AdWords,country_4,57,50,6,7
3/5/18,AdWords,country_5,129,44,1,2
3/5/18,AdWords,country_6,124,7,0,0
3/5/18,AdWords,country_7,212,16,1,0
3/5/18,AdWords,country_8,54,0,0,0
3/5/18,Reddit,country_1,30,0,0,0
3/5/18,Reddit,country_2,325,84,5,7
3/5/18,Reddit,country_3,11,5,0,0
3/5/18,Reddit,country_4,70,51,5,7
3/5/18,Reddit,country_5,244,108,7,10
3/5/18,Reddit,country_6,207,36,4,6
3/5/18,Reddit,country_7,297,80,6,7
3/5/18,Reddit,country_8,90,0,0,0
3/5/18,SEO,country_1,13,0,0,0
3/5/18,SEO,country_2,131,71,8,9
3/5/18,SEO,country_3,6,5,0,0
3/5/18,SEO,country_4,27,27,1,1
3/5/18,SEO,country_5,89,74,8,10
3/5/18,SEO,country_6,80,40,2,2
3/5/18,SEO,country_7,126,71,8,10
3/5/18,SEO,country_8,38,4,0,0
3/6/18,AdWords,country_1,12,0,0,0
3/6/18,AdWords,country_2,166,16,3,2
3/6/18,AdWords,country_3,6,0,0,0
3/6/18,AdWords,country_4,58,48,7,8
3/6/18,AdWords,country_5,172,54,5,7
3/6/18,AdWords,country_6,118,3,0,0
3/6/18,AdWords,country_7,166,22,2,3
3/6/18,AdWords,country_8,53,0,0,0
3/6/18,Reddit,country_1,32,0,0,0
3/6/18,Reddit,country_2,296,85,9,13
3/6/18,Reddit,country_3,8,5,0,0
3/6/18,Reddit,country_4,101,78,7,10
3/6/18,Reddit,country_5,281,129,8,10
3/6/18,Reddit,country_6,226,31,2,5
3/6/18,Reddit,country_7,313,93,7,12
3/6/18,Reddit,country_8,73,0,0,0
3/6/18,SEO,country_1,16,1,0,0
3/6/18,SEO,country_2,113,61,3,2
3/6/18,SEO,country_3,5,4,0,0
3/6/18,SEO,country_4,37,37,7,6
3/6/18,SEO,country_5,106,83,8,10
3/6/18,SEO,country_6,86,38,3,4
3/6/18,SEO,country_7,121,73,6,5
3/6/18,SEO,country_8,22,8,0,1
3/7/18,AdWords,country_1,15,0,0,0
3/7/18,AdWords,country_2,219,20,1,3
3/7/18,AdWords,country_3,9,3,0,0
3/7/18,AdWords,country_4,43,36,1,3
3/7/18,AdWords,country_5,168,58,5,7
3/7/18,AdWords,country_6,92,2,0,0
3/7/18,AdWords,country_7,177,18,1,1
3/7/18,AdWords,country_8,50,0,0,0
3/7/18,Reddit,country_1,28,0,0,0
3/7/18,Reddit,country_2,371,103,8,16
3/7/18,Reddit,country_3,12,7,1,2
3/7/18,Reddit,country_4,88,59,7,7
3/7/18,Reddit,country_5,264,113,11,14
3/7/18,Reddit,country_6,150,29,1,1
3/7/18,Reddit,country_7,291,79,3,10
3/7/18,Reddit,country_8,96,0,0,0
3/7/18,SEO,country_1,9,2,0,0
3/7/18,SEO,country_2,145,90,6,10
3/7/18,SEO,country_3,6,4,0,0
3/7/18,SEO,country_4,44,44,5,5
3/7/18,SEO,country_5,108,88,10,11
3/7/18,SEO,country_6,75,30,1,0
3/7/18,SEO,country_7,108,56,4,7
3/7/18,SEO,country_8,30,9,0,0
3/8/18,AdWords,country_1,18,0,0,0
3/8/18,AdWords,country_2,190,16,0,0
3/8/18,AdWords,country_3,4,2,1,1
3/8/18,AdWords,country_4,45,32,6,8
3/8/18,AdWords,country_5,137,47,3,6
3/8/18,AdWords,country_6,100,4,0,0
3/8/18,AdWords,country_7,220,23,2,2
3/8/18,AdWords,country_8,51,0,0,0
3/8/18,Reddit,country_1,24,0,0,0
3/8/18,Reddit,country_2,330,77,5,6
3/8/18,Reddit,country_3,11,6,0,0
3/8/18,Reddit,country_4,76,57,3,8
3/8/18,Reddit,country_5,215,98,7,14
3/8/18,Reddit,country_6,178,31,2,2
3/8/18,Reddit,country_7,344,102,9,14
3/8/18,Reddit,country_8,116,0,0,0
3/8/18,SEO,country_1,9,2,0,0
3/8/18,SEO,country_2,117,60,6,7
3/8/18,SEO,country_3,4,3,0,0
3/8/18,SEO,country_4,25,25,3,3
3/8/18,SEO,country_5,97,75,5,8
3/8/18,SEO,country_6,70,32,4,6
3/8/18,SEO,country_7,155,86,7,12
3/8/18,SEO,country_8,50,9,0,2
3/9/18,AdWords,country_1,13,0,0,0
3/9/18,AdWords,country_2,199,19,3,2
3/9/18,AdWords,country_3,12,2,0,1
3/9/18,AdWords,country_4,46,32,1,1
3/9/18,AdWords,country_5,133,41,1,2
3/9/18,AdWords,country_6,126,2,0,0
3/9/18,AdWords,country_7,197,18,0,1
3/9/18,AdWords,country_8,50,0,0,0
3/9/18,Reddit,country_1,32,0,0,0
3/9/18,Reddit,country_2,300,85,5,8
3/9/18,Reddit,country_3,8,3,1,1
3/9/18,Reddit,country_4,72,52,3,5
3/9/18,Reddit,country_5,222,96,11,15
3/9/18,Reddit,country_6,207,37,3,2
3/9/18,Reddit,country_7,355,103,6,7
3/9/18,Reddit,country_8,82,0,0,0
3/9/18,SEO,country_1,7,1,0,0
3/9/18,SEO,country_2,130,73,4,8
3/9/18,SEO,country_3,3,3,0,0
3/9/18,SEO,country_4,33,33,2,2
3/9/18,SEO,country_5,110,96,7,11
3/9/18,SEO,country_6,70,35,2,1
3/9/18,SEO,country_7,131,77,6,8
3/9/18,SEO,country_8,40,12,4,5
3/10/18,AdWords,country_1,24,0,0,0
3/10/18,AdWords,country_2,188,17,1,2
3/10/18,AdWords,country_3,6,3,0,0
3/10/18,AdWords,country_4,41,30,2,4
3/10/18,AdWords,country_5,152,42,3,5
3/10/18,AdWords,country_6,120,9,1,1
3/10/18,AdWords,country_7,191,23,1,1
3/10/18,AdWords,country_8,57,0,0,0
3/10/18,Reddit,country_1,28,0,0,0
3/10/18,Reddit,country_2,347,92,8,9
3/10/18,Reddit,country_3,11,6,1,1
3/10/18,Reddit,country_4,65,42,4,4
3/10/18,Reddit,country_5,244,110,9,13
3/10/18,Reddit,country_6,234,47,7,9
3/10/18,Reddit,country_7,297,99,11,13
3/10/18,Reddit,country_8,92,0,0,0
3/10/18,SEO,country_1,11,4,0,0
3/10/18,SEO,country_2,126,69,9,11
3/10/18,SEO,country_3,1,0,0,0
3/10/18,SEO,country_4,29,28,2,2
3/10/18,SEO,country_5,108,86,9,11
3/10/18,SEO,country_6,71,36,2,3
3/10/18,SEO,country_7,130,64,4,7
3/10/18,SEO,country_8,43,14,2,3
3/11/18,AdWords,country_1,17,0,0,0
3/11/18,AdWords,country_2,202,21,2,4
3/11/18,AdWords,country_3,7,2,0,0
3/11/18,AdWords,country_4,55,43,5,6
3/11/18,AdWords,country_5,140,42,4,6
3/11/18,AdWords,country_6,110,4,0,0
3/11/18,AdWords,country_7,195,19,0,2
3/11/18,AdWords,country_8,40,0,0,0
3/11/18,Reddit,country_1,34,0,0,0
3/11/18,Reddit,country_2,359,95,10,14
3/11/18,Reddit,country_3,11,2,0,0
3/11/18,Reddit,country_4,78,56,7,9
3/11/18,Reddit,country_5,273,128,5,8
3/11/18,Reddit,country_6,172,32,2,6
3/11/18,Reddit,country_7,335,98,7,9
3/11/18,Reddit,country_8,80,0,0,0
3/11/18,SEO,country_1,10,5,0,1
3/11/18,SEO,country_2,137,84,5,10
3/11/18,SEO,country_3,5,5,0,0
3/11/18,SEO,country_4,42,41,7,8
3/11/18,SEO,country_5,106,81,4,5
3/11/18,SEO,country_6,59,23,1,5
3/11/18,SEO,country_7,156,92,8,10
3/11/18,SEO,country_8,37,11,2,2
3/12/18,AdWords,country_1,31,0,0,0
3/12/18,AdWords,country_2,241,26,2,5
3/12/18,AdWords,country_3,6,3,0,0
3/12/18,AdWords,country_4,47,38,4,4
3/12/18,AdWords,country_5,160,49,5,8
3/12/18,AdWords,country_6,135,5,0,1
3/12/18,AdWords,country_7,194,24,0,2
3/12/18,AdWords,country_8,55,0,0,0
3/12/18,Reddit,country_1,30,0,0,0
3/12/18,Reddit,country_2,335,83,6,16
3/12/18,Reddit,country_3,17,5,0,0
3/12/18,Reddit,country_4,80,61,4,7
3/12/18,Reddit,country_5,253,115,4,10
3/12/18,Reddit,country_6,214,38,3,3
3/12/18,Reddit,country_7,313,76,3,9
3/12/18,Reddit,country_8,91,0,0,0
3/12/18,SEO,country_1,16,2,0,0
3/12/18,SEO,country_2,138,81,13,16
3/12/18,SEO,country_3,4,4,0,0
3/12/18,SEO,country_4,30,29,3,4
3/12/18,SEO,country_5,89,69,3,7
3/12/18,SEO,country_6,79,42,6,9
3/12/18,SEO,country_7,120,80,6,13
3/12/18,SEO,country_8,31,10,2,2
3/13/18,AdWords,country_1,24,0,0,0
3/13/18,AdWords,country_2,183,14,2,2
3/13/18,AdWords,country_3,5,1,0,0
3/13/18,AdWords,country_4,51,41,3,3
3/13/18,AdWords,country_5,136,45,3,7
3/13/18,AdWords,country_6,138,4,0,0
3/13/18,AdWords,country_7,226,17,1,1
3/13/18,AdWords,country_8,58,0,0,0
3/13/18,Reddit,country_1,29,0,0,0
3/13/18,Reddit,country_2,280,78,4,9
3/13/18,Reddit,country_3,11,4,0,0
3/13/18,Reddit,country_4,90,71,4,9
3/13/18,Reddit,country_5,254,120,8,17
3/13/18,Reddit,country_6,188,35,2,4
3/13/18,Reddit,country_7,386,109,7,14
3/13/18,Reddit,country_8,95,0,0,0
3/13/18,SEO,country_1,17,3,0,1
3/13/18,SEO,country_2,134,71,5,10
3/13/18,SEO,country_3,5,4,1,1
3/13/18,SEO,country_4,30,29,3,4
3/13/18,SEO,country_5,109,88,7,11
3/13/18,SEO,country_6,80,35,3,3
3/13/18,SEO,country_7,177,90,8,14
3/13/18,SEO,country_8,34,6,0,0
3/14/18,AdWords,country_1,23,0,0,0
3/14/18,AdWords,country_2,201,21,0,3
3/14/18,AdWords,country_3,9,3,0,0
3/14/18,AdWords,country_4,51,38,4,4
3/14/18,AdWords,country_5,108,33,1,5
3/14/18,AdWords,country_6,95,5,1,2
3/14/18,AdWords,country_7,238,34,4,5
3/14/18,AdWords,country_8,63,0,0,0
3/14/18,Reddit,country_1,29,0,0,0
3/14/18,Reddit,country_2,381,92,12,11
3/14/18,Reddit,country_3,5,1,0,0
3/14/18,Reddit,country_4,77,55,4,6
3/14/18,Reddit,country_5,245,114,8,10
3/14/18,Reddit,country_6,171,33,3,4
3/14/18,Reddit,country_7,395,110,4,8
3/14/18,Reddit,country_8,113,0,0,0
3/14/18,SEO,country_1,19,3,0,0
3/14/18,SEO,country_2,144,71,8,9
3/14/18,SEO,country_3,4,3,0,0
3/14/18,SEO,country_4,34,34,3,7
3/14/18,SEO,country_5,89,65,6,7
3/14/18,SEO,country_6,66,29,2,3
3/14/18,SEO,country_7,141,77,7,7
3/14/18,SEO,country_8,48,8,2,3
3/15/18,AdWords,country_1,30,0,0,0
3/15/18,AdWords,country_2,190,11,2,0
3/15/18,AdWords,country_4,48,40,3,2
3/15/18,AdWords,country_5,153,49,4,3
3/15/18,AdWords,country_6,115,5,0,0
3/15/18,AdWords,country_7,208,25,3,4
3/15/18,AdWords,country_8,66,0,0,0
3/15/18,Reddit,country_1,35,0,0,0
3/15/18,Reddit,country_2,371,103,11,13
3/15/18,Reddit,country_3,11,7,0,0
3/15/18,Reddit,country_4,89,71,6,6
3/15/18,Reddit,country_5,245,116,15,14
3/15/18,Reddit,country_6,207,38,6,3
3/15/18,Reddit,country_7,350,92,10,11
3/15/18,Reddit,country_8,117,0,0,0
3/15/18,SEO,country_1,6,1,0,0
3/15/18,SEO,country_2,131,80,5,6
3/15/18,SEO,country_3,5,4,1,1
3/15/18,SEO,country_4,35,34,4,2
3/15/18,SEO,country_5,108,78,13,10
3/15/18,SEO,country_6,93,44,6,6
3/15/18,SEO,country_7,127,78,4,6
3/15/18,SEO,country_8,32,5,2,1
3/16/18,AdWords,country_1,13,0,0,0
3/16/18,AdWords,country_2,193,21,1,1
3/16/18,AdWords,country_3,8,2,0,0
3/16/18,AdWords,country_4,52,39,1,2
3/16/18,AdWords,country_5,211,68,3,5
3/16/18,AdWords,country_6,120,2,0,0
3/16/18,AdWords,country_7,221,30,2,1
3/16/18,AdWords,country_8,58,0,0,0
3/16/18,Reddit,country_1,34,0,0,0
3/16/18,Reddit,country_2,319,75,4,8
3/16/18,Reddit,country_3,7,3,1,1
3/16/18,Reddit,country_4,75,59,9,9
3/16/18,Reddit,country_5,294,139,7,6
3/16/18,Reddit,country_6,225,40,2,3
3/16/18,Reddit,country_7,347,93,9,8
3/16/18,Reddit,country_8,73,0,0,0
3/16/18,SEO,country_1,10,1,0,0
3/16/18,SEO,country_2,144,81,7,7
3/16/18,SEO,country_3,2,2,1,0
3/16/18,SEO,country_4,33,33,6,6
3/16/18,SEO,country_5,125,95,7,5
3/16/18,SEO,country_6,68,37,3,3
3/16/18,SEO,country_7,140,81,3,3
3/16/18,SEO,country_8,40,14,0,0
3/17/18,AdWords,country_1,16,0,0,0
3/17/18,AdWords,country_2,173,18,2,3
3/17/18,AdWords,country_3,5,0,0,0
3/17/18,AdWords,country_4,74,48,5,5
3/17/18,AdWords,country_5,150,48,2,4
3/17/18,AdWords,country_6,158,7,1,1
3/17/18,AdWords,country_7,226,14,1,1
3/17/18,AdWords,country_8,62,0,0,0
3/17/18,Reddit,country_1,30,0,0,0
3/17/18,Reddit,country_2,344,99,8,7
3/17/18,Reddit,country_3,6,3,0,0
3/17/18,Reddit,country_4,87,63,4,6
3/17/18,Reddit,country_5,259,121,10,11
3/17/18,Reddit,country_6,260,40,4,4
3/17/18,Reddit,country_7,356,82,6,6
3/17/18,Reddit,country_8,99,0,0,0
3/17/18,SEO,country_1,15,2,0,0
3/17/18,SEO,country_2,130,74,8,6
3/17/18,SEO,country_3,5,4,0,0
3/17/18,SEO,country_4,39,39,2,4
3/17/18,SEO,country_5,97,85,4,5
3/17/18,SEO,country_6,95,49,4,8
3/17/18,SEO,country_7,123,76,7,7
3/17/18,SEO,country_8,46,9,0,0
3/18/18,AdWords,country_1,19,0,0,0
3/18/18,AdWords,country_2,211,24,2,2
3/18/18,AdWords,country_3,6,1,0,0
3/18/18,AdWords,country_4,68,52,9,8
3/18/18,AdWords,country_5,170,52,7,10
3/18/18,AdWords,country_6,108,5,0,0
3/18/18,AdWords,country_7,214,29,2,3
3/18/18,AdWords,country_8,71,0,0,0
3/18/18,Reddit,country_1,24,0,0,0
3/18/18,Reddit,country_2,339,88,11,8
3/18/18,Reddit,country_3,8,3,1,1
3/18/18,Reddit,country_4,105,82,4,6
3/18/18,Reddit,country_5,310,135,8,14
3/18/18,Reddit,country_6,180,30,4,5
3/18/18,Reddit,country_7,352,80,1,3
3/18/18,Reddit,country_8,102,0,0,0
3/18/18,SEO,country_1,19,4,0,1
3/18/18,SEO,country_2,126,67,6,5
3/18/18,SEO,country_3,6,2,0,0
3/18/18,SEO,country_4,54,53,4,4
3/18/18,SEO,country_5,100,74,9,12
3/18/18,SEO,country_6,80,34,2,2
3/18/18,SEO,country_7,124,72,3,3
3/18/18,SEO,country_8,51,8,0,1
3/19/18,AdWords,country_1,20,0,0,0
3/19/18,AdWords,country_2,243,34,0,2
3/19/18,AdWords,country_3,6,2,1,1
3/19/18,AdWords,country_4,54,37,2,4
3/19/18,AdWords,country_5,151,44,4,6
3/19/18,AdWords,country_6,116,11,1,1
3/19/18,AdWords,country_7,178,13,2,2
3/19/18,AdWords,country_8,71,0,0,0
3/19/18,Reddit,country_1,33,0,0,0
3/19/18,Reddit,country_2,399,106,5,9
3/19/18,Reddit,country_3,8,3,2,2
3/19/18,Reddit,country_4,84,64,3,5
3/19/18,Reddit,country_5,282,118,8,13
3/19/18,Reddit,country_6,205,21,2,2
3/19/18,Reddit,country_7,288,77,0,4
3/19/18,Reddit,country_8,120,0,0,0
3/19/18,SEO,country_1,7,2,0,0
3/19/18,SEO,country_2,165,95,7,8
3/19/18,SEO,country_3,5,5,0,0
3/19/18,SEO,country_4,24,24,1,1
3/19/18,SEO,country_5,113,90,6,8
3/19/18,SEO,country_6,89,39,1,0
3/19/18,SEO,country_7,127,69,5,10
3/19/18,SEO,country_8,45,12,1,2
3/20/18,AdWords,country_1,25,0,0,0
3/20/18,AdWords,country_2,163,20,2,3
3/20/18,AdWords,country_3,2,1,0,0
3/20/18,AdWords,country_4,65,45,5,7
3/20/18,AdWords,country_5,171,70,9,9
3/20/18,AdWords,country_6,137,6,0,1
3/20/18,AdWords,country_7,193,18,0,1
3/20/18,AdWords,country_8,52,0,0,0
3/20/18,Reddit,country_1,35,0,0,0
3/20/18,Reddit,country_2,273,70,7,7
3/20/18,Reddit,country_3,7,1,0,0
3/20/18,Reddit,country_4,100,69,5,8
3/20/18,Reddit,country_5,303,141,13,21
3/20/18,Reddit,country_6,235,36,1,2
3/20/18,Reddit,country_7,395,100,5,6
3/20/18,Reddit,country_8,86,0,0,0
3/20/18,SEO,country_1,24,4,0,0
3/20/18,SEO,country_2,124,74,7,12
3/20/18,SEO,country_3,5,3,0,0
3/20/18,SEO,country_4,44,44,5,5
3/20/18,SEO,country_5,136,110,5,10
3/20/18,SEO,country_6,98,45,2,4
3/20/18,SEO,country_7,168,96,6,9
3/20/18,SEO,country_8,34,11,0,0
3/21/18,AdWords,country_1,24,0,0,0
3/21/18,AdWords,country_2,183,20,3,6
3/21/18,AdWords,country_3,6,0,0,0
3/21/18,AdWords,country_4,58,39,1,3
3/21/18,AdWords,country_5,222,63,5,10
3/21/18,AdWords,country_6,117,2,0,0
3/21/18,AdWords,country_7,198,22,1,1
3/21/18,AdWords,country_8,78,0,0,0
3/21/18,Reddit,country_1,29,0,0,0
3/21/18,Reddit,country_2,311,88,8,12
3/21/18,Reddit,country_3,11,4,1,2
3/21/18,Reddit,country_4,128,95,9,13
3/21/18,Reddit,country_5,295,129,8,14
3/21/18,Reddit,country_6,175,32,3,3
3/21/18,Reddit,country_7,343,86,4,7
3/21/18,Reddit,country_8,115,0,0,0
3/21/18,SEO,country_1,14,3,0,0
3/21/18,SEO,country_2,116,69,4,9
3/21/18,SEO,country_3,5,2,0,0
3/21/18,SEO,country_4,48,47,2,3
3/21/18,SEO,country_5,154,129,14,19
3/21/18,SEO,country_6,92,40,5,6
3/21/18,SEO,country_7,130,68,6,7
3/21/18,SEO,country_8,49,18,2,4
3/22/18,AdWords,country_1,17,0,0,0
3/22/18,AdWords,country_2,213,24,2,4
3/22/18,AdWords,country_3,5,1,0,0
3/22/18,AdWords,country_4,58,40,4,6
3/22/18,AdWords,country_5,138,44,3,7
3/22/18,AdWords,country_6,132,5,0,0
3/22/18,AdWords,country_7,213,24,2,1
3/22/18,AdWords,country_8,61,0,0,0
3/22/18,Reddit,country_1,35,0,0,0
3/22/18,Reddit,country_2,375,108,5,8
3/22/18,Reddit,country_3,6,2,0,1
3/22/18,Reddit,country_4,93,79,5,10
3/22/18,Reddit,country_5,234,114,1,7
3/22/18,Reddit,country_6,238,44,2,6
3/22/18,Reddit,country_7,424,120,5,11
3/22/18,Reddit,country_8,137,0,0,0
3/22/18,SEO,country_1,14,1,0,0
3/22/18,SEO,country_2,134,77,5,7
3/22/18,SEO,country_3,5,2,0,0
3/22/18,SEO,country_4,36,35,2,2
3/22/18,SEO,country_5,91,70,5,8
3/22/18,SEO,country_6,92,39,3,5
3/22/18,SEO,country_7,154,92,5,15
3/22/18,SEO,country_8,45,7,0,0
3/23/18,AdWords,country_1,28,0,0,0
3/23/18,AdWords,country_2,174,14,1,2
3/23/18,AdWords,country_3,8,3,0,0
3/23/18,AdWords,country_4,64,51,1,7
3/23/18,AdWords,country_5,185,53,2,2
3/23/18,AdWords,country_6,144,10,0,0
3/23/18,AdWords,country_7,229,23,0,3
3/23/18,AdWords,country_8,68,0,0,0
3/23/18,Reddit,country_1,34,0,0,0
3/23/18,Reddit,country_2,331,97,5,11
3/23/18,Reddit,country_3,5,4,1,1
3/23/18,Reddit,country_4,110,90,7,14
3/23/18,Reddit,country_5,297,157,10,20
3/23/18,Reddit,country_6,234,42,0,4
3/23/18,Reddit,country_7,343,86,4,8
3/23/18,Reddit,country_8,110,0,0,0
3/23/18,SEO,country_1,16,4,0,0
3/23/18,SEO,country_2,144,84,6,11
3/23/18,SEO,country_3,3,0,0,0
3/23/18,SEO,country_4,48,47,0,4
3/23/18,SEO,country_5,124,95,5,11
3/23/18,SEO,country_6,105,56,3,10
3/23/18,SEO,country_7,145,87,6,9
3/23/18,SEO,country_8,51,11,0,2
3/24/18,AdWords,country_1,21,0,0,0
3/24/18,AdWords,country_2,224,24,1,1
3/24/18,AdWords,country_3,2,1,0,0
3/24/18,AdWords,country_4,62,48,0,3
3/24/18,AdWords,country_5,173,57,2,10
3/24/18,AdWords,country_6,114,2,0,0
3/24/18,AdWords,country_7,209,20,1,2
3/24/18,AdWords,country_8,50,0,0,0
3/24/18,Reddit,country_1,38,0,0,0
3/24/18,Reddit,country_2,384,101,2,14
3/24/18,Reddit,country_3,7,0,0,0
3/24/18,Reddit,country_4,121,94,0,12
3/24/18,Reddit,country_5,346,150,4,19
3/24/18,Reddit,country_6,194,42,1,6
3/24/18,Reddit,country_7,324,92,0,9
3/24/18,Reddit,country_8,98,0,0,0
3/24/18,SEO,country_1,21,5,0,0
3/24/18,SEO,country_2,163,92,2,12
3/24/18,SEO,country_3,3,3,0,0
3/24/18,SEO,country_4,38,37,1,6
3/24/18,SEO,country_5,140,112,1,13
3/24/18,SEO,country_6,69,35,1,6
3/24/18,SEO,country_7,133,83,0,10
3/24/18,SEO,country_8,40,9,0,1
3/25/18,AdWords,country_1,29,0,0,0
3/25/18,AdWords,country_2,176,22,0,1
3/25/18,AdWords,country_3,6,0,0,0
3/25/18,AdWords,country_4,44,32,0,5
3/25/18,AdWords,country_5,191,56,0,4
3/25/18,AdWords,country_6,142,12,0,0
3/25/18,AdWords,country_7,258,22,0,2
3/25/18,AdWords,country_8,74,0,0,0
3/25/18,Reddit,country_1,32,0,0,0
3/25/18,Reddit,country_2,367,99,0,7
3/25/18,Reddit,country_3,6,1,0,0
3/25/18,Reddit,country_4,84,60,0,3
3/25/18,Reddit,country_5,274,131,0,14
3/25/18,Reddit,country_6,228,41,0,1
3/25/18,Reddit,country_7,381,112,0,5
3/25/18,Reddit,country_8,115,0,0,0
3/25/18,SEO,country_1,13,8,0,1
3/25/18,SEO,country_2,118,60,0,1
3/25/18,SEO,country_3,1,1,0,0
3/25/18,SEO,country_4,41,41,0,0
3/25/18,SEO,country_5,120,99,0,10
3/25/18,SEO,country_6,111,48,0,4
3/25/18,SEO,country_7,148,83,0,4
3/25/18,SEO,country_8,43,7,0,1
3/26/18,AdWords,country_1,21,0,0,0
3/26/18,AdWords,country_2,212,35,0,0
3/26/18,AdWords,country_3,4,2,0,0
3/26/18,AdWords,country_4,84,62,0,0
3/26/18,AdWords,country_5,163,47,0,0
3/26/18,AdWords,country_6,161,7,0,0
3/26/18,AdWords,country_7,214,29,0,0
3/26/18,AdWords,country_8,70,0,0,0
3/26/18,Reddit,country_1,46,0,0,0
3/26/18,Reddit,country_2,337,98,0,0
3/26/18,Reddit,country_3,6,2,0,0
3/26/18,Reddit,country_4,130,98,0,0
3/26/18,Reddit,country_5,243,124,0,0
3/26/18,Reddit,country_6,235,45,0,0
3/26/18,Reddit,country_7,355,85,0,0
3/26/18,Reddit,country_8,100,0,0,0
3/26/18,SEO,country_1,23,2,0,0
3/26/18,SEO,country_2,124,74,0,0
3/26/18,SEO,country_3,2,2,0,0
3/26/18,SEO,country_4,63,61,0,0
3/26/18,SEO,country_5,107,83,0,0
3/26/18,SEO,country_6,88,39,0,0
3/26/18,SEO,country_7,128,78,0,0
3/26/18,SEO,country_8,55,9,0,0
3/27/18,AdWords,country_1,20,0,0,0
3/27/18,AdWords,country_2,239,28,0,0
3/27/18,AdWords,country_3,5,1,0,0
3/27/18,AdWords,country_4,68,50,0,0
3/27/18,AdWords,country_5,178,56,0,0
3/27/18,AdWords,country_6,151,6,0,0
3/27/18,AdWords,country_7,188,23,0,0
3/27/18,AdWords,country_8,72,0,0,0
3/27/18,Reddit,country_1,32,0,0,0
3/27/18,Reddit,country_2,367,91,0,0
3/27/18,Reddit,country_3,6,2,0,0
3/27/18,Reddit,country_4,120,84,0,0
3/27/18,Reddit,country_5,328,146,0,0
3/27/18,Reddit,country_6,263,44,0,0
3/27/18,Reddit,country_7,302,75,0,0
3/27/18,Reddit,country_8,92,0,0,0
3/27/18,SEO,country_1,22,1,0,0
3/27/18,SEO,country_2,151,83,0,0
3/27/18,SEO,country_3,2,2,0,0
3/27/18,SEO,country_4,39,38,0,0
3/27/18,SEO,country_5,123,95,0,0
3/27/18,SEO,country_6,101,41,0,0
3/27/18,SEO,country_7,122,71,0,0
3/27/18,SEO,country_8,28,6,0,0
3/28/18,AdWords,country_1,12,0,0,0
3/28/18,AdWords,country_2,228,17,0,0
3/28/18,AdWords,country_3,1,0,0,0
3/28/18,AdWords,country_4,63,48,0,0
3/28/18,AdWords,country_5,194,60,0,0
3/28/18,AdWords,country_6,143,5,0,0
3/28/18,AdWords,country_7,177,20,0,0
3/28/18,AdWords,country_8,67,0,0,0
3/28/18,Reddit,country_1,34,0,0,0
3/28/18,Reddit,country_2,363,96,0,0
3/28/18,Reddit,country_3,11,2,0,0
3/28/18,Reddit,country_4,124,91,0,0
3/28/18,Reddit,country_5,322,147,0,0
3/28/18,Reddit,country_6,222,32,0,0
3/28/18,Reddit,country_7,310,73,0,0
3/28/18,Reddit,country_8,112,0,0,0
3/28/18,SEO,country_1,15,1,0,0
3/28/18,SEO,country_2,136,75,0,0
3/28/18,SEO,country_3,1,1,0,0
3/28/18,SEO,country_4,36,36,0,0
3/28/18,SEO,country_5,141,105,0,0
3/28/18,SEO,country_6,102,57,0,0
3/28/18,SEO,country_7,117,68,0,0
3/28/18,SEO,country_8,58,8,0,0
3/29/18,AdWords,country_1,26,0,0,0
3/29/18,AdWords,country_2,233,30,0,0
3/29/18,AdWords,country_3,2,0,0,0
3/29/18,AdWords,country_4,48,39,0,0
3/29/18,AdWords,country_5,193,63,0,0
3/29/18,AdWords,country_6,127,7,0,0
3/29/18,AdWords,country_7,211,13,0,0
3/29/18,AdWords,country_8,74,0,0,0
3/29/18,Reddit,country_1,40,0,0,0
3/29/18,Reddit,country_2,388,109,0,0
3/29/18,Reddit,country_3,7,0,0,0
3/29/18,Reddit,country_4,99,78,0,0
3/29/18,Reddit,country_5,312,136,0,0
3/29/18,Reddit,country_6,230,27,0,0
3/29/18,Reddit,country_7,321,92,0,0
3/29/18,Reddit,country_8,130,0,0,0
3/29/18,SEO,country_1,17,2,0,0
3/29/18,SEO,country_2,143,84,0,0
3/29/18,SEO,country_3,4,2,0,0
3/29/18,SEO,country_4,42,42,0,0
3/29/18,SEO,country_5,112,98,0,0
3/29/18,SEO,country_6,97,44,0,0
3/29/18,SEO,country_7,134,80,0,0
3/29/18,SEO,country_8,47,9,0,0
3/30/18,AdWords,country_1,16,0,0,0
3/30/18,AdWords,country_2,183,21,0,0
3/30/18,AdWords,country_3,3,1,0,0
3/30/18,AdWords,country_4,58,42,0,0
3/30/18,AdWords,country_5,187,65,0,0
3/30/18,AdWords,country_6,141,7,0,0
3/30/18,AdWords,country_7,221,17,0,0
3/30/18,AdWords,country_8,65,0,0,0
3/30/18,Reddit,country_1,35,0,0,0
3/30/18,Reddit,country_2,300,89,0,0
3/30/18,Reddit,country_3,6,2,0,0
3/30/18,Reddit,country_4,120,91,0,0
3/30/18,Reddit,country_5,292,129,0,0
3/30/18,Reddit,country_6,263,51,0,0
3/30/18,Reddit,country_7,437,116,0,0
3/30/18,Reddit,country_8,93,0,0,0
3/30/18,SEO,country_1,16,3,0,0
3/30/18,SEO,country_2,116,59,0,0
3/30/18,SEO,country_3,1,1,0,0
3/30/18,SEO,country_4,52,51,0,0
3/30/18,SEO,country_5,102,85,0,0
3/30/18,SEO,country_6,99,54,0,0
3/30/18,SEO,country_7,160,92,0,0
3/30/18,SEO,country_8,47,8,0,0